Date,Prev Close,Open,High,Low,Close,VWAP,Volume,Turnover,Deliverable Volume,%Deliverble
2018-09-06,380.5,384.0,387.7,380.1,382.3,384.76,2030226.0,78115376410000.0,670564.0,0.3303
2018-09-07,382.5322783530076,384.46776217312356,386.72103562387076,379.0611784250464,382.22064017646915,383.5082371122189,1742570.6986250808,66981990770825.25,674355.5208898234,0.3972076015917754
2018-09-10,382.22064023618884,383.1998413245401,386.5428146599536,379.19472260878956,381.92256279488305,383.42361511469466,1744187.7758220977,65771582828212.0,612760.9416208322,0.37352553143272826
2018-09-11,381.9225628603643,383.10202568923705,386.4344693742448,378.8673085527087,381.9025216765832,383.27279089619344,1747797.027703707,66106011654537.16,629634.1681131797,0.3820481235337446
2018-09-12,381.90252176047215,383.3231406120123,386.1300779748293,378.73877392187325,381.6089357690438,382.9943164732363,1743962.3506100455,65820081093649.65,637188.3261668576,0.38400841766908966
2018-09-14,381.60893585954193,382.7525497706894,385.91163465196365,378.5391576607765,381.3931939684362,382.7945962504066,1739155.2754518571,65490421262032.21,626613.3973223713,0.38073553681979533
2018-09-17,381.39319406715094,382.62024405713896,385.7154643473198,378.31921337186765,381.2282922941389,382.6011541551173,1740737.6713565476,65438703298791.82,630213.460342218,0.3821131879235098
2018-09-18,381.22829240469963,382.5106683199971,385.4790168235015,378.1623493100253,380.9981508279142,382.37813844756687,1738890.6771805629,65246873106635.56,630431.1035565881,0.38231547505386365
2018-09-19,380.9981509472037,382.2019818079173,385.25247811810726,377.95811717757584,380.7934444531668,382.1667048641602,1736395.0423113992,65023018530336.22,628678.7580434049,0.3819478994812934
2018-09-21,380.79344458196755,382.0229864092969,385.0360675711676,377.75943086519226,380.5950810500109,381.9586105208074,1735644.3700822147,64876981110736.7,629130.2671990255,0.3822162572878751
2018-09-24,380.59508118889164,381.83392228519875,384.81122731117784,377.5807531960971,380.3835268818096,381.7461698321749,1733998.987821876,64691905882222.66,628656.0849170617,0.3822531006090931
2018-09-25,380.3835270301199,381.6005876547858,384.586556243292,377.3839709981288,380.1784806664809,381.53425773722006,1732368.252320223,64504221891790.61,628229.2106600578,0.382271175593618
2018-09-26,380.1784808244613,381.4015580950345,384.3651210541908,377.1912748171359,379.9737001112799,381.32333618818643,1731007.4435256221,64332434229963.97,628037.4080867457,0.382361249906737
2018-09-27,379.97370027899143,381.1961603622082,384.1419117592494,377.0039021622177,379.7664916355544,381.112158651418,1729449.7013197488,64150445142152.14,627629.4148571604,0.38240499582475507
2018-09-28,379.7664918128716,380.98192641267633,383.9183642076175,376.8107895212997,379.5608201579306,380.9005274953918,1727956.7800285518,63970089666105.49,627328.5240733393,0.3824637659883648
2018-10-01,379.5608203449201,380.7762025550729,383.69573105330267,376.6195095608386,379.3549452370444,380.68922194718976,1726478.3673361386,63792240804413.49,627021.5007597528,0.38252552104476806
2018-10-03,379.3549454337028,380.5679906968405,383.4727041551115,376.4293901501511,379.1486809400742,380.4780118523528,1724961.8425483706,63611886707141.2,626671.0554491733,0.3825786049748181
2018-10-04,379.1486811463803,380.358256515018,383.2495361710273,376.23764629396254,378.9427532361162,380.26654921434937,1723473.7520469518,63432500922091.6,626361.1520828108,0.38263832036520873
2018-10-05,378.94275345208683,380.15052447316015,383.0266174556496,376.0465864887558,378.7367274075223,380.05521169694856,1721977.5149853511,63253352884181.91,626037.3816925405,0.38269605440152055
2018-10-08,378.7367276331527,379.94197687099637,382.8036005063778,375.8557121695643,378.53065331340696,379.843914732787,1720475.1143360804,63073621852247.36,625706.5715573552,0.3827524721636629
2018-10-09,378.53065354869443,379.73323869389395,382.5805436933302,375.6644199356373,378.3246472643008,379.6325263824433,1718981.6486461216,62894252065443.66,625387.3072810702,0.3828108680886749
2018-10-10,378.32464750924913,379.52494436940594,382.3575531064533,375.4733534944438,378.118610010393,379.4211853810583,1717483.776604983,62714843808879.56,625062.2944787529,0.38286826268915164
2018-10-11,378.1186102650004,379.3164095634551,382.1345352411931,375.2822947108427,377.91257095714667,379.2098521876993,1715985.3623790988,62535312773119.72,624736.6977643766,0.38292557754286355
2018-10-12,377.91257122141303,379.1078759765194,381.9115085451954,375.0911384820804,377.7065443026689,378.998491796612,1714489.3016560462,62355892858362.96,624413.9300037149,0.3829833844929517
2018-10-15,377.706544576595,378.89943326807287,381.68849886558763,374.90004978544584,377.5005093452065,378.7871478328447,1712991.6979628862,62176439704039.15,624089.3285886451,0.3830408519375019
2018-10-16,377.5005096287918,378.690925214241,381.46548120796,374.7089514019314,377.2944759281302,378.5758037611962,1711494.2432966507,61996965061826.984,623764.9097478518,0.38309836778291323
2018-10-17,377.2944762213748,378.4824291901525,381.24246215214856,374.51783290083335,377.0884444138159,378.36445267369106,1709997.3266830763,61817520538141.61,623441.1005209445,0.38315598872133083
2018-10-19,377.08844471671995,378.27394958920223,381.01944726216794,374.3267329157815,376.88241094227044,378.1531067607874,1708499.953030079,61638062374328.17,623116.7758753402,0.3832135117756731
2018-10-22,376.88241125483376,378.0654535084974,380.79643004372133,374.135627493132,376.67637820398545,377.94176003078337,1707002.6921175928,61458601920430.625,622792.5807195273,0.3832710640745092
2018-10-23,376.67637852620805,377.856963029437,380.57341278711806,373.94451864475394,376.4703456537661,377.73041173038064,1705505.5356181029,61279148786269.875,622468.4970921704,0.3833286346898503
2018-10-24,376.4703459856481,377.64847484946057,380.35039648338307,373.75341446367395,376.2643126908602,377.5190649170212,1704008.2573811281,61099691166200.19,622144.2812298337,0.3833861800001157
2018-10-25,376.2643130324015,377.4399828261397,380.1273795237719,373.5623082345321,376.0582799620106,377.30771766560474,1702511.0255677751,60920233876219.14,621820.1171120544,0.38344373649132485
2018-10-26,376.0582803132113,377.2314927161501,379.9043626508348,373.3712016490629,375.8522472158504,377.0963701238047,1701013.8088904207,60740778165644.49,621495.9676929782,0.3835012949549106
2018-10-29,375.8522475767104,377.0230027012065,379.68134597553916,373.180096137807,375.64621439380693,376.8850229731949,1699516.5626172167,60561321157102.336,621171.7871526378,0.38355884749338515
2018-10-30,375.64621476432626,376.8145118708111,379.45832912511094,372.9889899801942,375.44018163456917,376.6736756546353,1698019.3318535753,60381864467003.7,620847.6234825144,0.38361640358477583
2018-10-31,375.44018201474785,376.6060216021743,379.2353123221179,372.79788387107624,375.2341488577297,376.46232830046705,1696522.1015722998,60202408065017.516,620523.4597766198,0.38367395943568633
2018-11-01,375.2341492475677,376.39753123940415,379.01229555402807,372.6067779825331,375.02811606989616,376.2509810401615,1695024.8647725687,60022951323089.36,620199.2894459284,0.38373151404857525
2018-11-02,375.0281164693935,376.1890407257754,378.78927874212394,372.4156719125447,374.8220832969886,376.0396337254581,1693527.632543481,59843494715852.78,619875.1239769876,0.38378906966470405
2018-11-05,374.8220837061453,375.9805503603526,378.5662619481498,372.22456588872797,374.61605051722734,375.8282864129269,1692030.399557078,59664038145501.516,619550.9575577743,0.38384662503643224
2018-11-06,374.61605093604334,375.7720599448434,378.343245158417,372.0334599027795,374.4100177367944,375.6169391205947,1690533.1653133212,59484581494187.32,619226.7899181838,0.38390418018965017
2018-11-07,374.4100181652697,375.5635695079872,378.12022835854896,371.8423538706203,374.2039849595156,375.40559181257504,1689035.9322914905,59305124887768.7,618902.6235500318,0.3839617356001771
2018-11-09,374.20398539765034,375.3550791066569,377.8972115643946,371.65124785755165,373.99795218015083,375.1942445080092,1687538.698870897,59125668280553.195,618578.4567285922,0.38401929090817394
2018-11-12,373.9979526279449,375.1465886874701,377.6741947700584,371.4601418486989,373.7919194011112,374.9828972071597,1686041.4652593134,58946211656046.44,618254.289738725,0.38407684618970067
2018-11-13,373.7919198585646,374.9380982674665,377.451177973605,371.2690358291672,373.585886622643,374.7715499022026,1684544.2319461056,58766755044601.7,617930.1230520369,0.3841344015312761
2018-11-14,373.5858870897557,374.72960785512663,377.22816117877517,371.0779298158569,373.37985384362224,374.56020259878915,1683046.9984889263,58587298430401.81,617605.9562083735,0.38419195683911533
2018-11-15,373.3798543203944,374.5211174374342,377.0051443835881,370.8868238021795,373.1738210647893,374.348855295872,1681549.7650196226,58407841813042.54,617281.7893606505,0.3842495121480527
2018-11-16,373.1738215512207,374.312627020673,376.78212758802306,370.69571778630717,372.96778828603317,374.13750799197595,1680052.5316162815,58228385199109.3,616957.6225780216,0.3843070674695258
2018-11-19,372.96778878212393,374.1041366053418,376.55911079287745,370.50461177220456,372.76175550714606,373.9261606886045,1678555.29816909,58048928583901.7,616633.4557489143,0.38436462278131855
2018-11-20,372.76175601289617,373.8956461885821,376.33609399757194,370.3135057576625,372.55572272832626,373.71481338523466,1677058.0647281273,57869471968274.875,616309.2889283877,0.38442217809529583
2018-11-21,372.5557232437357,373.6871557723141,376.1130772022186,370.1223997427438,372.34968994950793,373.50346608165546,1675560.8312999406,57690015353463.63,615985.1221199224,0.38447973341149033
2018-11-22,372.3496904745767,373.47866535624814,375.89006040696387,369.9312937282784,372.143657170662,373.29211877823025,1674063.5978598474,57510558738216.086,615660.9552991375,0.3845372887251824
2018-11-26,372.14365770539007,373.27017493983743,375.6670436116552,369.74018771362665,371.937624391836,373.0807714747743,1672566.3644234897,57331102122967.39,615336.7884826883,0.38459484403984634
2018-11-27,371.9376249362235,373.061684523602,375.44402681634733,369.5490816989331,371.73159161300606,372.86942417128,1671069.13098909,57151645507892.67,615012.6216679128,0.3846523993547824
2018-11-28,371.73159216705284,372.8531941073735,375.22101002106024,369.35797568434447,371.5255588341712,372.65807686782625,1669571.8975517615,56972188892689.734,614688.4548501797,0.3847099546691323
2018-11-29,371.5255593978773,372.64470369107033,374.99799322575745,369.1668696696947,371.31952605534156,372.44672956435767,1668074.6641158233,56792732277512.625,614364.2880339728,0.3847675099838082
2018-11-30,371.319526628707,372.43621327481975,374.774976430458,368.9757636550486,371.11349327651,372.23538226088397,1666577.4306800177,56613275662367.28,614040.1212178087,0.38482506529847504
2018-12-03,371.1134938595348,372.22772285855984,374.55195963516235,368.78465764042403,370.90746049767773,372.02403495742,1665080.1972435624,56433819047188.17,613715.9544010075,0.38488262061301937
2018-12-04,370.9074610903619,372.01923244228595,374.3289428398626,368.593551625782,370.7014277188468,371.81268765395083,1663582.9638075356,56254362432021.45,613391.7875846612,0.384940175927658
2018-12-05,370.7014283211903,371.8107420260261,374.10592604456434,368.4024456111444,370.4953949400151,371.6013403504817,1662085.7303714491,56074905816858.95,613067.6207682306,0.3849977312422754
2018-12-06,370.49539555201795,371.6022516097614,373.8829092492666,368.21133959651047,370.2893621611835,371.38999304701457,1660588.496935237,55895449201688.42,612743.4539516821,0.3850552865568711
2018-12-07,370.28936278284567,371.39376119349475,373.65989245396787,368.02023358187205,370.08332938235213,371.1786457435459,1659091.2634991417,55715992586522.16,612419.2871352544,0.3851128418714913
2018-12-10,370.0833300136736,371.1852707772315,373.4368756586697,367.8291275672355,369.87729660352056,370.96729844007757,1657594.0300630096,55536535971355.92,612095.1203187839,0.3851703971861019
2018-12-11,369.8772972445014,370.9767803609665,373.2138588633715,367.63802155259935,369.671263824689,370.75595113660967,1656096.7966268584,55357079356187.98,611770.9535022972,0.38522795250070996
2018-12-12,369.6712644753292,370.7682899447014,372.9908420680731,367.4469155379621,369.46523104585754,370.5446038331413,1654599.5631907359,55177622741021.29,611446.7866858394,0.38528550781532367
2018-12-13,369.46523170615706,370.55979952843705,372.76782527277487,367.2558095233256,369.25919826702597,370.3332565296731,1653102.3297545998,54998166125854.34,611122.6198693666,0.3853430631299342
2018-12-14,369.2591989369849,370.3513091121722,372.5448084774766,367.064703508689,369.05316548819445,370.12190922620493,1651605.0963184624,54818709510687.09,610798.4530528935,0.3854006184445449
2018-12-17,369.05316616781266,370.1428186959074,372.3217916821783,366.87359749405215,368.84713270936294,369.9105619227367,1650107.8628823312,54639252895520.17,610474.2862364267,0.3854581737591567
2018-12-18,368.8471333986405,369.9343282796428,372.09877488688,366.6824914794155,368.6410999305314,369.6992146192685,1648610.629446196,54459796280353.125,610150.1194199553,0.38551572907376763
2018-12-19,368.6411006294683,369.72583786337805,371.8757580915817,366.4913854647788,368.4350671516999,369.4878673158003,1647113.3960100613,54280339665186.05,609825.9526034849,0.3855732843883788
2018-12-20,368.43506786029616,369.5173474471133,371.6527412962834,366.300279450142,368.2290343728684,369.27652001233207,1645616.162573928,54100883050019.03,609501.7857870155,0.3856308397029901
2018-12-21,368.229035091124,369.3088570308486,371.4297245009851,366.10917343550534,368.0230015940369,369.0651727088639,1644118.9291377934,53921426434851.984,609177.6189705449,0.3856883950176012
2018-12-24,368.0230023219518,369.1003666145839,371.2067077056868,365.9180674208686,367.81696881520537,368.8538254053957,1642621.6957016592,53741969819684.94,608853.4521540748,0.3857459503322124
2018-12-26,367.8169695527796,368.89187619831915,370.98369091038853,365.7269614062319,367.61093603637386,368.64247810192745,1641124.462265525,53562513204517.91,608529.2853376048,0.3858035056468236
2018-12-27,367.61093678360743,368.6833857820545,370.76067411509024,365.5358553915952,367.40490325754234,368.43113079845926,1639627.2288293908,53383056589350.86,608205.1185211345,0.38586106096143474
2018-12-28,367.40490401443526,368.47489536578973,370.53765731979195,365.3447493769585,367.19887047871083,368.2197834949911,1638129.9953932567,53203599974183.81,607880.9517046644,0.38591861627604596
2018-12-31,367.1988712452631,368.26640494952505,370.31464052449365,365.15364336232176,366.9928376998793,368.00843619152283,1636632.7619571225,53024143359016.78,607556.7848881943,0.38597617159065717
2019-01-01,366.9928384760909,368.0579145332603,370.09162372919536,364.96253734768504,366.7868049210478,367.79708888805465,1635135.5285209883,52844686743849.734,607232.6180717242,0.3860337269052683
2019-01-02,366.78680570691876,367.8494241169956,369.86860693389707,364.7714313330483,366.5807721422163,367.58574158458646,1633638.2950848541,52665230128682.69,606908.451255254,0.38609128221987954
2019-01-03,366.5807729377466,367.6409337007309,369.6455901385988,364.5803253184116,366.3747393633848,367.37439428111827,1632141.06164872,52485773513515.66,606584.2844387839,0.3861488375344907
2019-01-04,366.37474016857436,367.43244328446616,369.42257334330054,364.3892193037749,366.16870658455326,367.16304697765,1630643.8282125858,52306316898348.61,606260.1176223138,0.38620639284910185
2019-01-07,366.1687073994022,367.2239528682014,369.19955654800225,364.1981132891382,365.9626738057217,366.95169967418184,1629146.5947764516,52126860283181.56,605935.9508058436,0.38626394816371307
2019-01-08,365.96267463023,367.01546245193674,368.97653975270396,364.00700727450146,365.7566410268902,366.74035237071365,1627649.3613403174,51947403668014.52,605611.7839893735,0.3863215034783243
2019-01-09,365.75664186105786,366.806972035672,368.75352295740566,363.81590125986475,365.55060824805867,366.5290050672454,1626152.1279041832,51767947052847.484,605287.6171729034,0.38637905879293544
2019-01-10,365.5506090918857,366.59848161940727,368.5305061621074,363.62479524522803,365.34457546922715,366.3176577637772,1624654.894468049,51588490437680.44,604963.4503564332,0.3864366141075466
2019-01-11,365.3445763227135,366.3899912031426,368.3074893668091,363.43368923059137,365.13854269039564,366.10631046030903,1623157.6610319149,51409033822513.39,604639.2835399631,0.3864941694221578
2019-01-14,365.1385435535413,366.18150078687785,368.0844725715108,363.24258321595465,364.9325099115641,365.8949631568408,1621660.4275957807,51229577207346.35,604315.116723493,0.386551724736769
2019-01-15,364.93251078436913,365.97301037061317,367.8614557762125,363.05147720131794,364.7264771327326,365.6836158533726,1620163.1941596465,51050120592179.31,603990.9499070228,0.3866092800513802
2019-01-16,364.72647801519696,365.76451995434843,367.6384389809142,362.8603711866812,364.5204443539011,365.4722685499044,1618665.9607235123,50870663977012.266,603666.7830905527,0.38666683536599133
2019-01-17,364.5204452460248,365.5560295380837,367.4154221856159,362.6692651720445,364.3144115750696,365.26092124643617,1617168.7272873782,50691207361845.22,603342.6162740826,0.38672439068060255
2019-01-18,364.3144124768526,365.347539121819,367.1924053903176,362.4781591574078,364.10837879623807,365.049573942968,1615671.493851244,50511750746678.18,603018.4494576124,0.38678194599521376
2019-01-21,364.10837970768046,365.1390487055543,366.9693885950193,362.2870531427711,363.90234601740656,364.8382266394998,1614174.2604151098,50332294131511.14,602694.2826411423,0.3868395013098249
2019-01-22,363.90234693850823,364.9305582892896,366.74637179972103,362.09594712813436,363.69631323857504,364.6268793360316,1612677.0269789756,50152837516344.09,602370.115824672,0.3868970566244361
2019-01-23,363.69631416933606,364.72206787302486,366.52335500442274,361.90484111349764,363.49028045974353,364.41553203256336,1611179.7935428414,49973380901177.05,602045.949008202,0.3869546119390473
2019-01-24,363.4902814001639,364.5135774567601,366.30033820912445,361.7137350988609,363.284247680912,364.2041847290952,1609682.5601067073,49793924286010.01,601721.7821917319,0.3870121672536585
2019-01-25,363.2842486309917,364.30508704049544,366.0773214138262,361.5226290842242,363.0782149020805,363.992837425627,1608185.326670573,49614467670842.97,601397.6153752616,0.38706972256826966
2019-01-28,363.07821586181956,364.0965966242307,365.8543046185279,361.3315230695875,362.872182123249,363.78149012215874,1606688.093234439,49435011055675.92,601073.4485587915,0.3871272778828808
2019-01-29,362.87218309264733,363.88810620796596,365.6312878232296,361.1404170549508,362.6661493444175,363.57014281869056,1605190.8597983047,49255554440508.875,600749.2817423213,0.38718483319749203
2019-01-30,362.66615032347516,363.6796157917013,365.40827102793133,360.94931104031406,362.4601165655859,363.35879551522237,1603693.6263621706,49076097825341.836,600425.1149258512,0.38724238851210324
2019-01-31,362.460117554303,363.47112537543654,365.18525423263304,360.75820502567734,362.2540837867544,363.1474482117541,1602196.3929260364,48896641210174.8,600100.9481093811,0.3872999438267144
2019-02-01,362.25408478513083,363.2626349591718,364.96223743733475,360.5670990110407,362.0480510079229,362.93610090828594,1600699.1594899022,48717184595007.75,599776.7812929109,0.38735749914132556
2019-02-04,362.04805201595866,363.0541445429071,364.73922064203646,360.37599299640397,361.84201822909137,362.72475360481775,1599201.926053768,48537727979840.7,599452.6144764408,0.38741505445593677
2019-02-05,361.8420192467865,362.8456541266424,364.51620384673816,360.18488698176725,361.63598545025985,362.5134063013495,1597704.6926176338,48358271364673.664,599128.4476599707,0.387472609770548
2019-02-06,361.63598647761427,362.6371637103777,364.2931870514399,359.99378096713053,361.42995267142834,362.3020589978813,1596207.4591814997,48178814749506.625,598804.2808435005,0.38753016508515914
2019-02-07,361.4299537084421,362.42867329411297,364.0701702561416,359.8026749524938,361.2239198925968,362.09071169441313,1594710.2257453655,47999358134339.58,598480.1140270304,0.3875877203997703
2019-02-08,361.22392093926993,362.22018287784823,363.8471534608433,359.6115689378571,361.0178871137653,361.8793643909449,1593212.9923092313,47819901519172.53,598155.9472105603,0.3876452757143815
2019-02-11,361.01788817009776,362.01169246158355,363.624136665545,359.4204629232204,360.8118543349338,361.6680170874767,1591715.7588730971,47640444904005.49,597831.7803940901,0.3877028310289927
2019-02-12,360.8118554009256,361.8032020453188,363.4011198702467,359.22935690858367,360.6058215561023,361.4566697840085,1590218.525436963,47460988288838.45,597507.61357762,0.3877603863436039
2019-02-13,360.60582263175337,361.59471162905413,363.1781030749484,359.03825089394695,360.39978877727077,361.24532248054027,1588721.2920008288,47281531673671.41,597183.4467611498,0.38781794165821504
2019-02-14,360.3997898625812,361.3862212127894,362.9550862796501,358.84714487931024,360.19375599843926,361.0339751770721,1587224.0585646946,47102075058504.36,596859.2799446797,0.38787549697282625
2019-02-15,360.19375709340903,361.17773079652466,362.7320694843518,358.6560388646735,359.98772321960774,360.8226278736039,1585726.8251285604,46922618443337.32,596535.1131282096,0.38793305228743746
2019-02-18,359.98772432423686,360.96924038026,362.50905268905353,358.4649328500368,359.78169044077623,360.6112805701357,1584229.5916924262,46743161828170.28,596210.9463117394,0.3879906076020486
2019-02-19,359.7816915550647,360.76074996399524,362.2860358937553,358.2738268354001,359.5756576619447,360.39993326666746,1582732.358256292,46563705213003.234,595886.7794952693,0.3880481629166598
2019-02-20,359.57565878589253,360.5522595477305,362.063019098457,358.08272082076337,359.36962488311315,360.1885859631993,1581235.124820158,46384248597836.19,595562.6126787991,0.388105718231271
2019-02-21,359.3696260167203,360.3437691314658,361.8400023031587,357.89161480612665,359.16359210428163,359.9772386597311,1579737.8913840237,46204791982669.15,595238.445862329,0.3881632735458822
2019-02-22,359.16359324754814,360.1352787152011,361.6169855078604,357.70050879148994,358.9575593254501,359.76589135626284,1578240.6579478895,46025335367502.11,594914.2790458589,0.38822082886049336
2019-02-25,358.95756047837597,359.92678829893634,361.3939687125621,357.5094027768532,358.7515265466186,359.55454405279465,1576743.4245117554,45845878752335.06,594590.1122293887,0.3882783841751045
2019-02-26,358.7515277092038,359.71829788267166,361.17095191726384,357.31829676221656,358.5454937677871,359.34319674932647,1575246.1910756212,45666422137168.016,594265.9454129186,0.38833593948971573
2019-02-27,358.54549494003163,359.5098074664069,360.94793512196554,357.12719074757985,358.3394609889556,359.1318494458582,1573748.957639487,45486965522000.98,593941.7785964485,0.38839349480432694
2019-02-28,358.3394621708594,359.30131705014225,360.72491832666725,356.93608473294313,358.13342821012407,358.92050214239003,1572251.7242033528,45307508906833.94,593617.6117799783,0.3884510501189381
2019-03-01,358.13342940168724,359.0928266338775,360.50190153136896,356.7449787183064,357.92739543129255,358.70915483892185,1570754.4907672186,45128052291666.89,593293.4449635082,0.38850860543354926
2019-03-05,357.92739663251507,358.88433621761277,360.27888473607067,356.5538727036697,357.72136265246104,358.4978075354536,1569257.2573310845,44948595676499.84,592969.2781470381,0.38856616074816047
2019-03-06,357.7213638633429,358.6758458013481,360.0558679407724,356.362766689033,357.5153298736295,358.2864602319854,1567760.0238949503,44769139061332.805,592645.1113305679,0.3886237160627717
2019-03-07,357.51533109417073,358.46735538508335,359.8328511454741,356.17166067439626,357.309297094798,358.0751129285172,1566262.790458816,44589682446165.766,592320.9445140978,0.38868127137738284
2019-03-08,357.3092983249985,358.25886496881867,359.6098343501758,355.98055465975955,357.1032643159665,357.86376562504904,1564765.557022682,44410225830998.72,591996.7776976275,0.388738826691994
2019-03-11,357.10326555582634,358.05037455255393,359.3868175548775,355.78944864512283,356.897231537135,357.6524183215808,1563268.3235865477,44230769215831.67,591672.6108811575,0.3887963820066052
2019-03-12,356.8972327866542,357.8418841362892,359.1638007595792,355.5983426304861,356.69119875830347,357.4410710181126,1561771.0901504136,44051312600664.63,591348.4440646874,0.3888539373212164
2019-03-13,356.691200017482,357.6333937200245,358.94078396428097,355.4072366158494,356.48516597947196,357.2297237146444,1560273.8567142794,43871855985497.59,591024.2772482171,0.3889114926358276
2019-03-14,356.48516724830984,357.4249033037598,358.7177671689827,355.2161306012127,356.27913320064044,357.0183764111762,1558776.6232781452,43692399370330.55,590700.110431747,0.38896904795043874
2019-03-15,356.2791344791376,357.21641288749504,358.4947503736844,355.02502458657597,356.07310042180893,356.807029107708,1557279.389842011,43512942755163.5,590375.9436152768,0.38902660326504995
2019-03-18,356.07310170996544,357.00792247123036,358.2717335783861,354.83391857193925,355.86706764297736,356.5956818042398,1555782.1564058769,43333486139996.46,590051.7767988067,0.38908415857966117
2019-03-19,355.8670689407933,356.7994320549656,358.0487167830878,354.64281255730253,355.66103486414585,356.38433450077156,1554284.9229697427,43154029524829.42,589727.6099823366,0.3891417138942723
2019-03-20,355.6610361716211,356.5909416387009,357.8256999877895,354.4517065426659,355.45500208531433,356.17298719730337,1552787.6895336085,42974572909662.375,589403.4431658664,0.3891992692088835
2019-03-22,355.45500340244894,356.3824512224362,357.6026831924912,354.26060052802916,355.2489693064828,355.9616398938352,1551290.4560974743,42795116294495.336,589079.2763493963,0.3892568245234947
2019-03-25,355.24897063327677,356.17396080617146,357.3796663971929,354.06949451339244,355.0429365276513,355.75029259036694,1549793.2226613401,42615659679328.3,588755.1095329262,0.3893143798381059
2019-03-26,355.04293786410454,355.9654703899068,357.1566496018946,353.8783884987557,354.8369037488198,355.53894528689875,1548295.989225206,42436203064161.26,588430.942716456,0.38937193515271706
2019-03-27,354.8369050949324,355.75697997364205,356.93363280659634,353.687282484119,354.6308709699883,355.32759798343056,1546798.7557890718,42256746448994.22,588106.7758999859,0.3894294904673282
2019-03-28,354.6308723257602,355.5484895573773,356.71061601129804,353.4961764694823,354.42483819115677,355.1162506799623,1545301.5223529376,42077289833827.18,587782.6090835158,0.38948704578193943
2019-03-29,354.42483955658804,355.3399991411126,356.48759921599975,353.3050704548456,354.21880541232525,354.90490337649413,1543804.2889168034,41897833218660.14,587458.4422670456,0.38954460109655065
2019-04-01,354.2188067874159,355.1315087248479,356.26458242070146,353.11396444020886,354.01277263349374,354.69355607302595,1542307.0554806693,41718376603493.1,587134.2754505755,0.3896021564111618
2019-04-02,354.01277401824365,354.9230183085832,356.04156562540317,352.92285842557214,353.8067398546622,354.4822087695577,1540809.822044535,41538919988326.06,586810.1086341053,0.38965971172577296
2019-04-03,353.8067412490715,354.7145278923185,355.8185488301049,352.7317524109354,353.6007070758307,354.2708614660895,1539312.588608401,41359463373159.02,586485.9418176352,0.3897172670403842
2019-04-04,353.6007084798993,354.50603747605373,355.5955320348066,352.5406463962987,353.3946742969992,354.0595141626213,1537815.3551722667,41180006757991.984,586161.7750011651,0.3897748223549954
2019-04-05,353.39467571072714,354.29754705978905,355.3725152395083,352.349540381662,353.1886415181677,353.84816685915314,1536318.1217361325,41000550142824.945,585837.6081846949,0.38983237766960654
2019-04-08,353.188642941555,354.0890566435243,355.14949844421,352.1584343670253,352.9826087393362,353.6368195556849,1534820.8882999984,40821093527657.91,585513.4413682248,0.3898899329842177
2019-04-09,352.9826101723828,353.8805662272596,354.9264816489117,351.96732835238856,352.7765759605046,353.4254722522167,1533323.6548638642,40641636912490.87,585189.2745517546,0.3899474882988289
2019-04-10,352.7765774032106,353.6720758109949,354.7034648536134,351.77622233775185,352.5705431816731,353.2141249487485,1531826.42142773,40462180297323.83,584865.1077352845,0.3900050436134401
2019-04-11,352.5705446340384,353.46358539473016,354.4804480583151,351.58511632311513,352.3645104028416,353.0027776452803,1530329.1879915958,40282723682156.79,584540.9409188144,0.3900625989280513
2019-04-12,352.36451186486624,353.2550949784654,354.2574312630168,351.3940103084784,352.15847762401006,352.7914303418121,1528831.9545554616,40103267066989.75,584216.7741023442,0.39012015424266244
2019-04-15,352.1584790956941,353.04660456220074,354.03441446771853,351.20290429384175,351.95244484517855,352.5800830383439,1527334.7211193275,39923810451822.71,583892.6072858741,0.39017770955727366
2019-04-16,351.9524463265219,352.838114145936,353.81139767242024,351.01179827920504,351.74641206634703,352.36873573487566,1525837.4876831933,39744353836655.67,583568.440469404,0.39023526487188487
2019-04-18,351.7464135573497,352.6296237296713,353.58838087712195,350.8206922645683,351.5403792875155,352.15738843140747,1524340.254247059,39564897221488.63,583244.2736529338,0.390292820186496
2019-04-22,351.5403807881775,352.4211333134066,353.36536408182366,350.6295862499316,351.334346508684,351.9460411279392,1522843.020810925,39385440606321.59,582920.1068364637,0.3903503755011072
2019-04-23,351.33434801900535,352.21264289714185,353.14234728652536,350.4384802352949,351.1283137298525,351.73469382447104,1521345.7873747908,39205983991154.555,582595.9400199936,0.3904079308157184
2019-04-24,351.1283152498332,352.00415248087717,352.9193304912271,350.2473742206582,350.922280951021,351.52334652100285,1519848.5539386566,39026527375987.516,582271.7732035234,0.3904654861303296
2019-04-25,350.922282480661,351.79566206461243,352.6963136959288,350.05626820602146,350.71624817218947,351.3119992175346,1518351.3205025224,38847070760820.48,581947.6063870533,0.39052304144494077
2019-04-26,350.7162497114888,351.58717164834775,352.4732969006305,349.86516219138474,350.51021539335795,351.1006519140664,1516854.0870663882,38667614145653.44,581623.439570583,0.3905805967595519
2019-04-30,350.5102169423166,351.378681232083,352.2502801053322,349.674056176748,350.30418261452644,350.88930461059823,1515356.853630254,38488157530486.4,581299.272754113,0.39063815207416314
2019-05-02,350.30418417314445,351.1701908158183,352.0272633100339,349.4829501621113,350.0981498356949,350.67795730713,1513859.6201941199,38308700915319.36,580975.1059376429,0.39069570738877435
2019-05-03,350.0981514039723,350.9617003995536,351.8042465147356,349.2918441474746,349.8921170568634,350.4666100036618,1512362.3867579857,38129244300152.32,580650.9391211726,0.3907532627033855
2019-05-06,349.8921186348001,350.75320998328885,351.5812297194373,349.1007381328379,349.6860842780319,350.2552627001936,1510865.1533218515,37949787684985.28,580326.7723047026,0.39081081801799666
2019-05-07,349.6860858656279,350.5447195670241,351.358212924139,348.90963211820116,349.4800514992004,350.04391539672537,1509367.9198857173,37770331069818.24,580002.6054882323,0.3908683733326079
2019-05-08,349.4800530964557,350.33622915075944,351.13519612884073,348.71852610356444,349.2740187203689,349.8325680932572,1507870.6864495832,37590874454651.2,579678.4386717622,0.3909259286472191
2019-05-09,349.27402032728355,350.1277387344947,350.91217933354244,348.5274200889277,349.06798594153736,349.62122078978894,1506373.453013449,37411417839484.164,579354.2718552921,0.39098348396183025
2019-05-10,349.0679875581114,349.91924831822996,350.68916253824415,348.33631407429107,348.86195316270584,349.40987348632075,1504876.2195773148,37231961224317.125,579030.1050388219,0.3910410392764414
2019-05-13,348.8619547889392,349.7107579019653,350.46614574294586,348.14520805965435,348.65592038387433,349.19852618285256,1503378.9861411806,37052504609150.086,578705.9382223518,0.3910985945910526
2019-05-14,348.65592201976705,349.50226748570054,350.24312894764756,347.95410204501763,348.4498876050428,348.9871788793843,1501881.7527050464,36873047993983.05,578381.7714058817,0.39115614990566383
2019-05-15,348.4498892505948,349.29377706943586,350.02011215234927,347.7629960303809,348.2438548262113,348.77583157591613,1500384.5192689123,36693591378816.01,578057.6045894115,0.391213705220275
2019-05-16,348.24385648142265,349.0852866531711,349.797095357051,347.5718900157442,348.0378220473798,348.5644842724479,1498887.285832778,36514134763648.97,577733.4377729414,0.39127126053488614
2019-05-17,348.0378237122505,348.8767962369064,349.5740785617527,347.3807840011075,347.8317892685483,348.3531369689797,1497390.052396644,36334678148481.93,577409.2709564713,0.39132881584949736
2019-05-20,347.8317909430783,348.6683058206417,349.3510617664544,347.18967798647077,347.62575648971676,348.1417896655115,1495892.8189605097,36155221533314.89,577085.1041400011,0.39138637116410857
2019-05-21,347.62575817390615,348.45981540437697,349.1280449711561,346.99857197183405,347.41972371088525,347.93044236204327,1494395.5855243756,35975764918147.85,576760.937323531,0.39144392647871973
2019-05-22,347.419725404734,348.2513249881123,348.9050281758578,346.80746595719734,347.21369093205374,347.7190950585751,1492898.3520882414,35796308302980.81,576436.7705070608,0.3915014817933309
2019-05-23,347.2136926355618,348.04283457184755,348.6820113805595,346.6163599425606,347.0076581532222,347.5077477551069,1491401.1186521072,35616851687813.77,576112.6036905907,0.3915590371079421
2019-05-24,347.00765986638964,347.8343441555828,348.4589945852612,346.42525392792396,346.8016253743907,347.29640045163865,1489903.885215973,35437395072646.734,575788.4368741206,0.3916165924225533
2019-05-27,346.8016270972174,347.62585373931813,348.23597778996293,346.23414791328725,346.5955925955592,347.08505314817046,1488406.6517798388,35257938457479.695,575464.2700576504,0.39167414773716447
2019-05-28,346.59559432804525,347.4173633230534,348.01296099466464,346.04304189865053,346.3895598167277,346.8737058447023,1486909.4183437047,35078481842312.656,575140.1032411803,0.3917317030517756
2019-05-29,346.3895615588731,347.20887290678866,347.78994419936635,345.8519358840138,346.18352703789617,346.662358541234,1485412.1849075705,34899025227145.617,574815.9364247101,0.39178925836638684
2019-05-30,346.1835287897009,347.000382490524,347.56692740406805,345.6608298693771,345.97749425906466,346.45101123776584,1483914.9514714363,34719568611978.58,574491.76960824,0.39184681368099805
2019-05-31,345.97749602052875,346.79189207425924,347.34391060876976,345.4697238547404,345.77146148023314,346.2396639342976,1482417.7180353021,34540111996811.54,574167.6027917699,0.3919043689956092
2019-06-03,345.7714632513566,346.5834016579945,347.12089381347147,345.27861784010366,345.56542870140163,346.0283166308294,1480920.484599168,34360655381644.5,573843.4359752997,0.39196192431022037
2019-06-04,345.5654304821844,346.3749112417298,346.8978770181732,345.087511825467,345.3593959225701,345.8169693273612,1479423.2511630338,34181198766477.46,573519.2691588296,0.3920194796248316
2019-06-06,345.3593977130122,346.1664208254651,346.6748602228749,344.8964058108303,345.1533631437386,345.605622023893,1477926.0177268996,34001742151310.42,573195.1023423595,0.3920770349394428
2019-06-07,345.15336494384,345.9579304092004,346.4518434275766,344.7052997961936,344.9473303649071,345.3942747204248,1476428.7842907654,33822285536143.383,572870.9355258893,0.39213459025405395
2019-06-10,344.94733217466785,345.74943999293566,346.2288266322783,344.51419378155686,344.7412975860756,345.18292741695655,1474931.5508546312,33642828920976.344,572546.7687094192,0.3921921455686651
2019-06-11,344.7412994054957,345.5409495766709,346.00580983698,344.32308776692014,344.53526480724406,344.97158011348836,1473434.317418497,33463372305809.305,572222.6018929491,0.3922497008832763
2019-06-12,344.5352666363235,345.33245916040624,345.7827930416817,344.1319817522834,344.32923202841255,344.76023281002017,1471937.0839823629,33283915690642.266,571898.4350764789,0.39230725619788753
2019-06-13,344.32923386715134,345.1239687441415,345.5597762463834,343.9408757376467,344.12319924958103,344.5488855065519,1470439.8505462287,33104459075475.227,571574.2682600088,0.3923648115124987
2019-06-14,344.1232010979792,344.9154783278768,345.33675945108513,343.74976972301,343.9171664707495,344.33753820308374,1468942.6171100945,32925002460308.188,571250.1014435386,0.39242236682710985
2019-06-17,343.917168328807,344.7069879116121,345.11374265578684,343.5586637083733,343.711133691918,344.12619089961555,1467445.3836739603,32745545845141.15,570925.9346270685,0.39247992214172106
2019-06-18,343.71113555963484,344.49849749534735,344.89072586048854,343.3675576937366,343.5051009130865,343.9148435961473,1465948.1502378262,32566089229974.11,570601.7678105984,0.3925374774563323
2019-06-19,343.5051027904626,344.29000707908267,344.66770906519025,343.1764516790999,343.299068134255,343.7034962926791,1464450.916801692,32386632614807.07,570277.6009941282,0.39259503277094343
2019-06-20,343.29907002129045,344.08151666281793,344.44469226989196,342.9853456644632,343.09303535542347,343.49214898921093,1462953.6833655578,32207175999640.03,569953.434177658,0.3926525880855546
2019-06-21,343.0930372521183,343.8730262465532,344.22167547459367,342.79423964982647,342.88700257659195,343.2808016857427,1461456.4499294236,32027719384472.992,569629.2673611878,0.3927101434001658
2019-06-24,342.8870044829461,343.6645358302885,343.9986586792954,342.60313363518975,342.68096979776044,343.0694543822745,1459959.2164932895,31848262769305.953,569305.1005447177,0.392767698714777
2019-06-25,342.68097171377394,343.4560454140238,343.7756418839971,342.41202762055303,342.4749370189289,342.85810707880626,1458461.9830571553,31668806154138.914,568980.9337282476,0.39282525402938817
2019-06-26,342.4749389446018,343.24755499775904,343.5526250886988,342.2209216059163,342.2689042400974,342.64675977533807,1456964.749621021,31489349538971.875,568656.7669117774,0.39288280934399933
2019-06-27,342.2689061754296,343.03906458149436,343.3296082934005,342.02981559127966,342.0628714612659,342.4354124718699,1455467.516184887,31309892923804.836,568332.6000953073,0.39294036465861054
2019-06-28,342.0628734062574,342.8305741652296,343.1065914981022,341.83870957664294,341.8568386824344,342.22406516840164,1453970.2827487527,31130436308637.797,568008.4332788372,0.39299791997322175
2019-07-01,341.8568406370852,342.62208374896494,342.8835747028039,341.6476035620062,341.6508059036029,342.01271786493345,1452473.0493126186,30950979693470.758,567684.266462367,0.3930554752878329
2019-07-02,341.65080786791304,342.4135933327002,342.6605579075056,341.4564975473695,341.44477312477136,341.8013705614652,1450975.8158764844,30771523078303.72,567360.0996458969,0.39311303060244407
2019-07-03,341.4447750987409,342.20510291643546,342.4375411122073,341.2653915327328,341.23874034593985,341.590023257997,1449478.5824403502,30592066463136.68,567035.9328294268,0.3931705859170553
2019-07-04,341.2387423295687,341.9966125001708,342.21452431690903,341.0742855180961,341.03270756710833,341.37867595452883,1447981.349004216,30412609847969.64,566711.7660129566,0.3932281412316665
2019-07-05,341.03270956039654,341.78812208390605,341.99150752161074,340.88317950345936,340.8266747882768,341.1673286510606,1446484.1155680818,30233153232802.6,566387.5991964865,0.39328569654627765
2019-07-08,340.8266767912244,341.57963166764137,341.76849072631245,340.69207348882264,340.6206420094453,340.9559813475924,1444986.8821319477,30053696617635.562,566063.4323800163,0.3933432518608888
2019-07-09,340.6206440220522,341.3711412513766,341.54547393101416,340.5009674741859,340.4146092306138,340.7446340441242,1443489.6486958135,29874240002468.523,565739.2655635462,0.3934008071755
2019-07-10,340.41461125288004,341.1626508351119,341.32245713571587,340.30986145954927,340.2085764517823,340.53328674065597,1441992.4152596793,29694783387301.484,565415.0987470761,0.39345836249011124
2019-07-11,340.2085784837078,340.9541604188472,341.0994403404176,340.11875544491255,340.00254367295076,340.3219394371878,1440495.1818235451,29515326772134.445,565090.9319306059,0.3935159178047224
2019-07-12,340.00254571453564,340.7456700025825,340.8764235451193,339.92764943027584,339.79651089411925,340.1105921337196,1438997.948387411,29335870156967.406,564766.7651141358,0.39357347311933355
2019-07-15,339.7965129453635,340.53717958631773,340.653406749821,339.7365434156391,339.59047811528774,339.89924483025135,1437500.7149512768,29156413541800.367,564442.5982976656,0.39363102843394476
2019-07-16,339.5904801761913,340.32868917005305,340.4303899545227,339.5454374010024,339.3844453364562,339.68789752678316,1436003.4815151426,28976956926633.33,564118.4314811955,0.393688583748556
2019-07-17,339.38444740701914,340.1201987537883,340.2073731592244,339.3543313863657,339.1784125576247,339.4765502233149,1434506.2480790084,28797500311466.29,563794.2646647254,0.39374613906316713
2019-07-18,339.17841463784697,339.9117083375236,339.9843563639261,339.16322537172897,338.9723797787932,339.26520291984673,1433009.0146428742,28618043696299.25,563470.0978482552,0.3938036943777783
2019-07-19,338.9723818686748,339.7032179212589,339.7613395686278,338.9721193570923,338.7663469999617,339.05385561637854,1431511.78120674,28438587081132.21,563145.9310317851,0.3938612496923895
2019-07-22,338.7663490995026,339.49472750499416,339.5383227733295,338.7810133424556,338.56031422113017,338.8425083129103,1430014.547770606,28259130465965.17,562821.764215315,0.3939188050070007
2019-07-23,338.5603163303304,339.2862370887295,339.31530597803123,338.5899073278189,338.35428144229866,338.6311610094421,1428517.3143344717,28079673850798.133,562497.5973988448,0.3939763603216119
2019-07-24,338.35428356115824,339.07774667246474,339.09228918273294,338.39880131318216,338.14824866346714,338.41981370597387,1427020.0808983375,27900217235631.094,562173.4305823747,0.39403391563622303
2019-07-25,338.1482507919861,338.8692562562,338.86927238743465,338.20769529854545,337.94221588463563,338.2084664025057,1425522.8474622034,27720760620464.055,561849.2637659046,0.39409147095083424
2019-07-26,337.9422180228139,338.6607658399353,338.64625559213636,338.01658928390873,337.7361831058041,337.9971190990375,1424025.6140260692,27541304005297.016,561525.0969494344,0.39414902626544546
2019-07-29,337.73618525364174,338.4522754236706,338.42323879683806,337.825483269272,337.5301503269726,337.78577179556925,1422528.380589935,27361847390129.977,561200.9301329643,0.3942065815800566
2019-07-30,337.53015248446957,338.2437850074059,338.20022200153977,337.6343772546353,337.3241175481411,337.57442449210106,1421031.1471538008,27182390774962.938,560876.7633164941,0.39426413689466777
2019-07-31,337.3241197152974,338.03529459114117,337.9772052062415,337.4432712399986,337.1180847693096,337.3630771886329,1419533.9137176666,27002934159795.9,560552.596500024,0.394321692209279
2019-08-01,337.11808694612523,337.82680417487643,337.7541884109432,337.2521652253619,336.91205199047806,337.1517298851646,1418036.6802815325,26823477544628.86,560228.4296835539,0.3943792475238902
2019-08-02,336.912054176953,337.61831375861175,337.5311716156449,337.0610592107252,336.70601921164655,336.94038258169644,1416539.4468453983,26644020929461.82,559904.2628670837,0.39443680283850135
2019-08-05,336.70602140778084,337.409823342347,337.3081548203466,336.8699531960885,336.49998643281504,336.72903527822825,1415042.213409264,26464564314294.78,559580.0960506136,0.3944943581531125
2019-08-06,336.49998863860867,337.2013329260823,337.0851380250483,336.6788471814518,336.2939536539835,336.51768797476,1413544.97997313,26285107699127.742,559255.9292341433,0.3945519134677237
2019-08-07,336.2939558694365,336.9928425098176,336.86212122975,336.48774116681506,336.087920875152,336.3063406712918,1412047.7465369957,26105651083960.703,558931.7624176732,0.39460946878233494
2019-08-08,336.08792310026433,336.78435209355285,336.6391044344517,336.29663515217834,335.8818880963205,336.0949933678236,1410550.5131008616,25926194468793.664,558607.5956012032,0.3946670240969461
2019-08-09,335.88189033109217,336.5758616772881,336.41608763915343,336.1055291375416,335.675855317489,335.8836460643554,1409053.2796647274,25746737853626.625,558283.4287847329,0.39472457941155725
2019-08-13,335.67585756192,336.36737126102344,336.19307084385514,335.91442312290496,335.46982253865747,335.6722987608872,1407556.0462285932,25567281238459.586,557959.2619682628,0.39478213472616847
2019-08-14,335.4698247927478,336.1588808447587,335.97005404855685,335.72331710826825,335.26378975982595,335.46095145741896,1406058.812792459,25387824623292.547,557635.0951517927,0.3948396900407797
2019-08-16,335.2637920235756,335.950390428494,335.74703725325855,335.53221109363153,335.05775698099444,335.24960415395077,1404561.5793563249,25208368008125.508,557310.9283353225,0.39489724535539084
2019-08-19,335.05775925440344,335.7419000122293,335.52402045796026,335.3411050789948,334.8517242021629,335.0382568504825,1403064.3459201907,25028911392958.47,556986.7615188524,0.394954800670002
2019-08-20,334.85172648523127,335.53340959596454,335.30100366266197,335.1499990643581,334.6456914233314,334.82690954701434,1401567.1124840565,24849454777791.43,556662.5947023823,0.3950123559846132
2019-08-21,334.6456937160591,335.32491917969986,335.0779868673637,334.9588930497214,334.4396586444999,334.61556224354615,1400069.8790479223,24669998162624.39,556338.4278859121,0.3950699112992244
2019-08-22,334.43966094688693,335.1164287634351,334.8549700720654,334.76778703508467,334.2336258656684,334.4042149400779,1398572.6456117881,24490541547457.35,556014.261069442,0.3951274666138356
2019-08-23,334.23362817771476,334.90793834717044,334.6319532767671,334.57668102044795,334.0275930868369,334.1928676366097,1397075.412175654,24311084932290.312,555690.0942529718,0.39518502192844673
2019-08-26,334.0275954085426,334.6994479309057,334.4089364814688,334.38557500581123,333.82156030800536,333.98152033314153,1395578.1787395198,24131628317123.273,555365.9274365017,0.39524257724305795
2019-08-27,333.8215626393704,334.49095751464097,334.1859196861705,334.1944689911746,333.61552752917385,333.7701730296733,1394080.9453033856,23952171701956.234,555041.7606200316,0.39530013255766916
2019-08-28,333.6155298701982,334.2824670983763,333.9629028908722,334.00336297653786,333.40949475034233,333.5588257262051,1392583.7118672514,23772715086789.195,554717.5938035614,0.3953576878722803
2019-08-29,333.40949710102603,334.07397668211155,333.7398860955739,333.81225696190114,333.2034619715108,333.3474784227369,1391086.4784311173,23593258471622.156,554393.4269870913,0.3954152431868915
2019-08-30,333.20346433185387,333.8654862658468,333.51686930027563,333.6211509472644,332.9974291926793,333.13613111926867,1389589.244994983,23413801856455.117,554069.2601706211,0.3954727985015027
2019-09-03,332.9974315626817,333.65699584958213,333.29385250497734,333.4300449326277,332.7913964138478,332.9247838158005,1388092.011558849,23234345241288.08,553745.093354151,0.3955303538161139
2019-09-04,332.79139879350953,333.4485054333174,333.07083570967905,333.238938917991,332.5853636350163,332.71343651233224,1386594.7781227147,23054888626121.04,553420.9265376809,0.39558790913072506
2019-09-05,332.58536602433736,333.24001501705266,332.84781891438075,333.0478329033543,332.37933085618477,332.50208920886405,1385097.5446865805,22875432010954.0,553096.7597212107,0.3956454644453362
2019-09-06,332.3793332551652,333.031524600788,332.62480211908246,332.8567268887176,332.17329807735325,332.29074190539586,1383600.3112504464,22695975395786.96,552772.5929047406,0.3957030197599474
2019-09-09,332.17330048599297,332.82303418452324,332.40178532378417,332.6656208740809,331.96726529852174,332.0793946019276,1382103.0778143122,22516518780619.92,552448.4260882705,0.39576057507455864
2019-09-11,331.9672677168208,332.61454376825856,332.1787685284859,332.4745148594442,331.7612325196902,331.86804729845943,1380605.844378178,22337062165452.883,552124.2592718003,0.3958181303891698
2019-09-12,331.76123494764863,332.4060533519938,331.9557517331876,332.28340884480747,331.5551997408587,331.6566999949912,1379108.6109420438,22157605550285.844,551800.0924553302,0.39587568570378096
2019-09-13,331.55520217847646,332.1975629357291,331.7327349378893,332.09230283017075,331.3491669620272,331.445352691523,1377611.3775059097,21978148935118.805,551475.9256388601,0.39593324101839217
2019-09-16,331.3491694093043,331.9890725194644,331.509718142591,331.90119681553404,331.1431341831957,331.2340053880548,1376114.1440697755,21798692319951.766,551151.7588223899,0.3959907963330034
2019-09-17,331.1431366401321,331.78058210319966,331.2867013472927,331.7100908008973,330.93710140436417,331.02265808458657,1374616.9106336413,21619235704784.727,550827.5920059198,0.39604835164761454
2019-09-18,330.93710387095996,331.572091686935,331.0636845519944,331.5189847862606,330.73106862553266,330.8113107811184,1373119.6771975071,21439779089617.688,550503.4251894496,0.3961059069622257
2019-09-19,330.7310711017878,331.36360127067024,330.8406677566961,331.3278787716239,330.52503584670114,330.5999634776502,1371622.443761373,21260322474450.65,550179.2583729795,0.3961634622768369
2019-09-20,330.5250383326156,331.1551108544055,330.6176509613978,331.1367727569872,330.31900306786963,330.38861617418195,1370125.2103252388,21080865859283.61,549855.0915565094,0.3962210175914481
2019-09-23,330.3190055634434,330.9466204381408,330.39463416609954,330.9456667423505,330.1129702890381,330.17726887071376,1368627.9768891046,20901409244116.57,549530.9247400392,0.3962785729060593
2019-09-24,330.11297279427123,330.7381300218761,330.17161737080124,330.7545607277138,329.9069375102066,329.9659215672456,1367130.7434529704,20721952628949.53,549206.7579235691,0.39633612822067044
2019-09-25,329.90694002509906,330.52963960561135,329.94860057550295,330.5634547130771,329.7009047313751,329.75457426377733,1365633.5100168362,20542496013782.492,548882.5911070989,0.39639368353528165
2019-09-26,329.7009072559269,330.32114918934667,329.72558378020466,330.37234869844036,329.4948719525436,329.54322696030914,1364136.276580702,20363039398615.453,548558.4242906288,0.39645123884989286
2019-09-27,329.4948744867547,330.11265877308193,329.50256698490637,330.18124268380365,329.28883917371206,329.3318796568409,1362639.0431445679,20183582783448.414,548234.2574741587,0.396508794164504
2019-09-30,329.28884171758256,329.9041683568172,329.2795501896081,329.99013666916693,329.08280639488055,329.1205323533727,1361141.8097084337,20004126168281.375,547910.0906576884,0.3965663494791152
2019-10-01,329.0828089484104,329.6956779405525,329.0565333943098,329.79903065453027,328.87677361604904,328.9091850499045,1359644.5762722995,19824669553114.336,547585.9238412183,0.3966239047937264
2019-10-03,328.87677617923816,329.4871875242878,328.8335165990115,329.60792463989355,328.6707408372175,328.6978377464363,1358147.3428361653,19645212937947.297,547261.7570247483,0.3966814601083376
2019-10-04,328.670743410066,329.2786971080231,328.6104998037132,329.41681862525684,328.464708058386,328.4864904429681,1356650.1094000312,19465756322780.258,546937.590208278,0.39673901542294876
2019-10-07,328.4647106408938,329.07020669175836,328.3874830084149,329.2257126106201,328.2586752795545,328.27514313949985,1355152.875963897,19286299707613.22,546613.4233918079,0.3967965707375599
2019-10-09,328.25867787172166,328.8617162754936,328.1644662131166,329.0346065959834,328.052642500723,328.06379583603166,1353655.6425277628,19106843092446.18,546289.2565753378,0.39685412605217113
2019-10-10,328.0526451025495,328.65322585922894,327.9414494178183,328.8435005813467,327.84660972189147,327.85244853256347,1352158.4090916286,18927386477279.14,545965.0897588676,0.39691168136678234
2019-10-11,327.8466123333773,328.4447354429642,327.71843262252,328.65239456671,327.64057694305995,327.6411012290952,1350661.1756554944,18747929862112.1,545640.9229423975,0.3969692366813935
2019-10-14,327.64057956420515,328.2362450266995,327.49541582722173,328.46128855207326,327.43454416422844,327.42975392562704,1349163.9422193603,18568473246945.062,545316.7561259273,0.39702679199600466
2019-10-15,327.434546795033,328.0277546104348,327.27239903192344,328.27018253743654,327.2285113853969,327.21840662215885,1347666.708783226,18389016631778.023,544992.5893094572,0.39708434731061587
2019-10-16,327.2285140258608,327.81926419417005,327.04938223662515,328.0790765227999,327.0224786065654,327.0070593186906,1346169.475347092,18209560016610.984,544668.4224929871,0.3971419026252271
2019-10-17,327.0224812566886,327.61077377790537,326.82636544132686,327.88797050816316,326.8164458277339,326.7957120152224,1344672.2419109577,18030103401443.945,544344.2556765169,0.39719945793983824
2019-10-18,326.8164484875164,327.4022833616406,326.60334864602856,327.69686449352645,326.6104130489024,326.58436471175423,1343175.0084748236,17850646786276.906,544020.0888600468,0.3972570132544494
2019-10-22,326.61041571834426,327.1937929453759,326.3803318507303,327.50575847888973,326.4043802700709,326.373017408286,1341677.7750386894,17671190171109.867,543695.9220435766,0.3973145685690606
2019-10-23,326.4043829491721,326.9853025291112,326.157315055432,327.314652464253,326.19834749123936,326.1616701048178,1340180.5416025552,17491733555942.828,543371.7552271065,0.3973721238836718
2019-10-24,326.1983501799999,326.77681211284647,325.9342982601337,327.1235464496163,325.99231471240785,325.95032280134956,1338683.308166421,17312276940775.79,543047.5884106364,0.397429679198283
2019-10-25,325.99231741082775,326.56832169658173,325.7112814648354,326.9324404349796,325.78628193357633,325.73897549788137,1337186.0747302868,17132820325608.75,542723.4215941662,0.39748723451289414
2019-10-27,325.7862846416556,326.35983128031705,325.4882646695371,326.7413344203429,325.5802491547448,325.5276281944132,1335688.8412941527,16953363710441.71,542399.2547776961,0.39754478982750535
2019-10-29,325.58025187248336,326.1513408640523,325.2652478742388,326.5502284057062,325.3742163759133,325.31628089094494,1334191.6078580185,16773907095274.672,542075.087961226,0.39760234514211656
2019-10-30,325.3742191033112,325.94285044778763,325.0422310789405,326.3591223910695,325.1681835970818,325.10493358747675,1332694.3744218843,16594450480107.633,541750.9211447558,0.3976599004567277
2019-10-31,325.168186334139,325.7343600315229,324.8192142836422,326.1680163764328,324.9621508182503,324.8935862840085,1331197.1409857501,16414993864940.594,541426.7543282857,0.3977174557713389
2019-11-01,324.96215356496685,325.52586961525816,324.59619748834393,325.97691036179606,324.75611803941877,324.6822389805403,1329699.907549616,16235537249773.555,541102.5875118156,0.3977750110859501
2019-11-04,324.7561207957947,325.3173791989935,324.37318069304564,325.78580434715934,324.55008526058725,324.47089167707213,1328202.6741134818,16056080634606.516,540778.4206953454,0.3978325664005613
2019-11-05,324.5500880266225,325.10888878272874,324.15016389774735,325.5946983325226,324.34405248175574,324.2595443736039,1326705.4406773476,15876624019439.477,540454.2538788753,0.39789012171517246
2019-11-06,324.34405525745035,324.90039836646406,323.92714710244906,325.4035923178859,324.1380197029242,324.0481970701357,1325208.2072412134,15697167404272.438,540130.0870624051,0.3979476770297836
2019-11-07,324.1380224882782,324.6919079501993,323.70413030715076,325.2124863032492,323.9319869240927,323.8368497666675,1323710.9738050792,15517710789105.398,539805.920245935,0.39800523234439483
2019-11-08,323.931989719106,324.4834175339346,323.4811135118525,325.02138028861253,323.7259541452612,323.62550246319927,1322213.740368945,15338254173938.36,539481.7534294649,0.39806278765900605
2019-11-11,323.7259569499338,324.2749271176699,323.2580967165542,324.8302742739758,323.5199213664297,323.4141551597311,1320716.5069328109,15158797558771.32,539157.5866129948,0.3981203429736172
2019-11-13,323.5199241807616,324.06643670140517,323.03507992125594,324.6391682593391,323.31388858759817,323.2028078562629,1319219.2734966767,14979340943604.281,538833.4197965246,0.39817789828822836
2019-11-14,323.31389141158945,323.85794628514043,322.8120631259576,324.4480622447024,323.10785580876666,322.99146055279465,1317722.0400605425,14799884328437.242,538509.2529800545,0.3982354536028396
2019-11-15,323.1078586424173,323.64945586887575,322.58904633065936,324.25695623006567,322.90182302993514,322.78011324932646,1316224.8066244083,14620427713270.203,538185.0861635844,0.3982930089174508
2019-11-18,322.9018258732451,323.440965452611,322.366029535361,324.06585021542895,322.69579025110363,322.5687659458582,1314727.5731882742,14440971098103.164,537860.9193471142,0.39835056423206194
2019-11-19,322.69579310407295,323.2324750363463,322.1430127400628,323.87474420079224,322.4897574722721,322.35741864239003,1313230.33975214,14261514482936.125,537536.7525306441,0.3984081195466731
2019-11-20,322.4897603349008,323.0239846200816,321.9199959447644,323.6836381861556,322.2837246934406,322.14607133892184,1311733.1063160058,14082057867769.086,537212.585714174,0.3984656748612843
2019-11-21,322.28372756572855,322.81549420381685,321.6969791494662,323.49253217151886,322.0776919146091,321.9347240354536,1310235.8728798716,13902601252602.047,536888.4188977039,0.3985232301758955
2019-11-22,322.0776947965564,322.6070037875522,321.47396235416784,323.30142615688214,321.8716591357776,321.7233767319854,1308738.6394437375,13723144637435.008,536564.2520812338,0.3985807854905067
2019-11-25,321.8716620273842,322.39851337128744,321.2509455588696,323.1103201422454,321.66562635694606,321.51202942851717,1307241.4060076033,13543688022267.969,536240.0852647636,0.39863834080511784
2019-11-26,321.66562925821205,322.1900229550227,321.02792876357125,322.9192141276087,321.45959357811455,321.300682125049,1305744.172571469,13364231407100.93,535915.9184482935,0.39869589611972905
2019-11-27,321.4595964890399,321.981532538758,320.804911968273,322.728108112972,321.25356079928304,321.0893348215808,1304246.939135335,13184774791933.89,535591.7516318234,0.39875345143434027
2019-11-28,321.2535637198677,321.7730421224933,320.58189517297467,322.5370020983353,321.0475280204515,320.87798751811255,1302749.7056992007,13005318176766.852,535267.5848153532,0.3988110067489514
2019-11-29,321.04753095069555,321.5645517062286,320.35887837767643,322.34589608369856,320.84149524162,320.66664021464436,1301252.4722630666,12825861561599.812,534943.4179988831,0.3988685620635626
2019-12-02,320.8414981815234,321.35606128996386,320.1358615823781,322.15479006906185,320.6354624627885,320.4552929111762,1299755.2388269324,12646404946432.773,534619.251182413,0.3989261173781738
2019-12-03,320.6354654123512,321.1475708736991,319.91284478707985,321.9636840544252,320.429429683957,320.24394560770793,1298258.0053907982,12466948331265.734,534295.0843659429,0.398983672692785
2019-12-04,320.429432643179,320.93908045743444,319.6898279917815,321.77257803978847,320.22339690512547,320.03259830423974,1296760.771954664,12287491716098.695,533970.9175494728,0.39904122800739616
2019-12-05,320.2233998740068,320.7305900411697,319.46681119648326,321.58147202515175,320.01736412629396,319.82125100077155,1295263.5385185299,12108035100931.656,533646.7507330026,0.3990987833220073
2019-12-06,320.01736710483465,320.52209962490497,319.2437944011849,321.39036601051504,319.81133134746244,319.60990369730337,1293766.3050823957,11928578485764.617,533322.5839165325,0.39915633863661854
2019-12-09,319.8113343356625,320.3136092086403,319.0207776058867,321.1992599958783,319.60529856863093,319.3985563938352,1292269.0716462615,11749121870597.578,532998.4171000624,0.39921389395122975
2019-12-10,319.6053015664903,320.10511879237555,318.79776081058833,321.0081539812416,319.3992657897994,319.18720909036693,1290771.8382101273,11569665255430.54,532674.2502835921,0.3992714492658409
2019-12-11,319.39926879731814,319.8966283761108,318.5747440152901,320.8170479666049,319.1932330109679,318.97586178689875,1289274.6047739931,11390208640263.5,532350.083467122,0.39932900458045206
2019-12-12,319.193236028146,319.68813795984613,318.35172721999174,320.62594195196823,318.9872002321364,318.76451448343056,1287777.371337859,11210752025096.46,532025.916650652,0.3993865598950633
2019-12-13,318.98720325897375,319.4796475435814,318.1287104246935,320.4348359373315,318.7811674533049,318.5531671799623,1286280.1379017248,11031295409929.422,531701.7498341819,0.3994441152096745
2019-12-16,318.7811704898016,319.27115712731666,317.90569362939516,320.2437299226948,318.57513467447336,318.3418198764941,1284782.9044655906,10851838794762.383,531377.5830177118,0.39950167052428565
2019-12-17,318.5751377206294,319.062666711052,317.6826768340969,320.0526239080581,318.36910189564185,318.13047257302594,1283285.6710294564,10672382179595.344,531053.4162012415,0.3995592258388968
2019-12-18,318.36910495145725,318.85417629478724,317.4596600387986,319.86151789342136,318.16306911681033,317.91912526955775,1281788.4375933222,10492925564428.305,530729.2493847715,0.399616781153508
2019-12-19,318.1630721822851,318.6456858785225,317.23664324350034,319.67041187878465,317.9570363379788,317.70777796608957,1280291.204157188,10313468949261.266,530405.0825683014,0.39967433646811923
2019-12-20,317.9570394131129,318.43719546225776,317.013626448202,319.47930586414793,317.7510035591473,317.4964306626213,1278793.970721054,10134012334094.227,530080.9157518311,0.3997318917827304
2019-12-23,317.75100664394074,318.228705045993,316.79060965290375,319.2881998495112,317.5449707803158,317.28508335915313,1277296.7372849197,9954555718927.188,529756.748935361,0.39978944709734154
2019-12-24,317.5449738747686,318.02021462972834,316.5675928576054,319.0970938348745,317.3389380014843,317.07373605568495,1275799.5038487855,9775099103760.148,529432.582118891,0.39984700241195276
2019-12-26,317.3389411055964,317.8117242134636,316.34457606230717,318.90598782023784,317.13290522265277,316.8623887522167,1274302.2704126514,9595642488593.11,529108.4153024208,0.39990455772656397
2019-12-27,317.1329083364242,317.60323379719887,316.1215592670088,318.7148818056011,316.92687244382125,316.6510414487485,1272805.0369765172,9416185873426.07,528784.2484859508,0.3999621130411751
2019-12-30,316.926875567252,317.3947433809342,315.8985424717106,318.5237757909644,316.72083966498974,316.4396941452803,1271307.803540383,9236729258259.031,528460.0816694805,0.4000196683557863
2019-12-31,316.72084279807984,317.18625296466945,315.67552567641224,318.3326697763277,316.5148068861582,316.22834684181214,1269810.5701042488,9057272643091.992,528135.9148530104,0.4000772236703975
2020-01-01,316.5148100289077,316.9777625484047,315.452508881114,318.141563761691,316.3087741073267,316.01699953834395,1268313.3366681146,8877816027924.953,527811.7480365403,0.4001347789850087
2020-01-02,316.3087772597355,316.76927213214,315.22949208581565,317.95045774705426,316.1027413284952,315.8056522348757,1266816.1032319805,8698359412757.914,527487.5812200701,0.40019233429961987
2020-01-03,316.1027444905633,316.56078171587524,315.0064752905174,317.75935173241754,315.8967085496637,315.5943049314075,1265318.8697958463,8518902797590.875,527163.4144036,0.400249889614231
2020-01-06,315.8967117213911,316.35229129961056,314.78345849521907,317.5682457177809,315.6906757708322,315.38295762793933,1263821.636359712,8339446182423.836,526839.2475871299,0.40030744492884224
2020-01-07,315.69067895221895,316.1438008833458,314.56044169992083,317.37713970314417,315.48464299200066,315.1716103244711,1262324.402923578,8159989567256.797,526515.0807706598,0.40036500024345345
2020-01-08,315.4846461830468,315.9353104670811,314.3374249046225,317.18603368850745,315.27861021316915,314.9602630210029,1260827.1694874438,7980532952089.758,526190.9139541897,0.4004225555580646
2020-01-09,315.2786134138746,315.7268200508164,314.11440810932424,316.99492767387073,315.07257743433763,314.7489157175347,1259329.9360513096,7801076336922.719,525866.7471377195,0.40048011087267577
2020-01-10,315.0725806447024,315.51832963455166,313.8913913140259,316.803821659234,314.8665446555061,314.5375684140665,1257832.7026151754,7621619721755.672,525542.5803212494,0.400537666187287
2020-01-13,314.8665478755302,315.3098392182869,313.66837451872766,316.6127156445973,314.6605118766746,314.32622111059834,1256335.4691790412,7442163106588.625,525218.4135047793,0.4005952215018982
2020-01-14,314.66051510635805,315.1013488020222,313.4453577234293,316.4216096299606,314.4544790978431,314.1148738071301,1254838.235742907,7262706491421.578,524894.2466883091,0.40065277681650935
2020-01-15,314.4544823371858,314.89285838575745,313.2223409281311,316.23050361532387,314.2484463190116,313.9035265036619,1253341.0023067729,7083249876254.531,524570.079871839,0.4007103321311205
2020-01-16,314.24844956801365,314.68436796949277,312.9993241328327,316.03939760068715,314.04241354018006,313.6921792001937,1251843.7688706387,6903793261087.484,524245.91305536893,0.4007678874457317
2020-01-17,314.0424167988415,314.47587755322803,312.7763073375345,315.84829158605044,313.83638076134855,313.4808318967255,1250346.5354345045,6724336645920.4375,523921.74623889884,0.40082544276034293
2020-01-20,313.8363840296693,314.2673871369633,312.55329054223614,315.6571855714137,313.63034798251704,313.2694845932573,1248849.3019983703,6544880030753.391,523597.5794224287,0.4008829980749541
2020-01-21,313.63035126049715,314.0588967206986,312.3302737469379,315.466079556777,313.4243152036855,313.0581372897891,1247352.0685622361,6365423415586.344,523273.4126059585,0.40094055338956525
2020-01-22,313.4243184913249,313.8504063044339,312.10725695163956,315.2749735421403,313.218282424854,312.8467899863209,1245854.835126102,6185966800419.297,522949.2457894884,0.40099810870417646
2020-01-23,313.21828572215276,313.64191588816914,311.8842401563413,315.08386752750357,313.0122496460225,312.6354426828527,1244357.6016899678,6006510185252.25,522625.07897301833,0.40105566401878767
2020-01-24,313.0122529529806,313.4334254719044,311.66122336104297,314.89276151286685,312.806216867191,312.4240953793845,1242860.3682538336,5827053570085.203,522300.9121565482,0.40111321933339883
2020-01-27,312.80622018380836,313.22493505563966,311.43820656574474,314.70165549823014,312.60018408835947,312.2127480759163,1241363.1348176994,5647596954918.156,521976.745340078,0.40117077464801
2020-01-28,312.6001874146362,313.016444639375,311.2151897704464,314.5105494835934,312.39415130952796,312.0014007724481,1239865.9013815653,5468140339751.109,521652.5785236079,0.4012283299626212
2020-01-29,312.394154645464,312.80795422311024,310.99217297514815,314.3194434689567,312.18811853069644,311.79005346897986,1238368.667945431,5288683724584.0625,521328.4117071378,0.4012858852772324
2020-01-30,312.18812187629186,312.5994638068455,310.7691561798498,314.12833745432,311.98208575186493,311.5787061655117,1236871.434509297,5109227109417.016,521004.2448906677,0.40134344059184357
2020-01-31,311.9820891071197,312.3909733905808,310.54613938455157,313.9372314396833,311.7760529730334,311.3673588620435,1235374.2010731627,4929770494249.969,520680.0780741975,0.4014009959064547
2020-02-01,311.77605633794747,312.1824829743161,310.3231225892532,313.74612542504656,311.5700201942019,311.1560115585753,1233876.9676370285,4750313879082.922,520355.9112577274,0.40145855122106594
2020-02-03,311.5700235687753,311.97399255805135,310.100105793955,313.55501941040984,311.3639874153704,310.9446642551071,1232379.7342008944,4570857263915.875,520031.7444412573,0.40151610653567715
2020-02-04,311.36399079960313,311.7655021417866,309.87708899865663,313.3639133957731,311.1579546365389,310.73331695163887,1230882.5007647602,4391400648748.828,519707.57762478717,0.4015736618502883
2020-02-05,311.1579580304309,311.5570117255219,309.6540722033584,313.1728073811364,310.95192185770736,310.5219696481707,1229385.267328626,4211944033581.7812,519383.410808317,0.40163121716489947
2020-02-06,310.95192526125874,311.3485213092572,309.43105540806005,312.9817013664997,310.74588907887585,310.3106223447025,1227888.0338924918,4032487418414.7344,519059.2439918469,0.4016887724795107
2020-02-07,310.74589249208657,311.14003089299246,309.2080386127618,312.790595351863,310.53985630004433,310.09927504123425,1226390.8004563577,3853030803247.6875,518735.0771753768,0.4017463277941219
2020-02-10,310.5398597229144,310.9315404767277,308.98502181746346,312.59948933722626,310.3338235212128,309.88792773776606,1224893.5670202235,3673574188080.6406,518410.91035890667,0.40180388310873305
2020-02-11,310.33382695374223,310.72305006046304,308.7620050221652,312.40838332258954,310.1277907423813,309.6765804342979,1223396.3335840893,3494117572913.5938,518086.7435424365,0.4018614384233442
2020-02-12,310.12779418457,310.5145596441983,308.5389882268669,312.2172773079528,309.9217579635498,309.4652331308297,1221899.1001479551,3314660957746.547,517762.5767259664,0.4019189937379554
2020-02-13,309.92176141539784,310.30606922793356,308.31597143156864,312.0261712933161,309.7157251847183,309.2538858273615,1220401.866711821,3135204342579.5,517438.4099094963,0.40197654905256663
2020-02-14,309.71572864622567,310.0975788116688,308.0929546362703,311.8350652786794,309.50969240588677,309.04253852389326,1218904.6332756868,2955747727412.453,517114.24309302616,0.4020341043671778
2020-02-17,309.50969587705345,309.8890883954041,307.86993784097206,311.6439592640427,309.30365962705525,308.83119122042507,1217407.3998395526,2776291112245.4062,516790.076276556,0.40209165968178895
2020-02-18,309.3036631078813,309.6805979791394,307.6469210456737,311.45285324940596,309.09762684822374,308.6198439169569,1215910.1664034184,2596834497078.3594,516465.9094600859,0.40214921499640016
2020-02-19,309.0976303387091,309.47210756287467,307.4239042503755,311.26174723476925,308.8915940693922,308.40849661348864,1214412.9329672842,2417377881911.3125,516141.7426436158,0.4022067703110114
2020-02-20,308.89159756953694,309.26361714660993,307.2008874550771,311.07064122013253,308.6855612905607,308.19714931002045,1212915.69953115,2237921266744.2656,515817.57582714566,0.40226432562562253
2020-02-24,308.6855648003648,309.05512673034525,306.9778706597789,310.8795352054958,308.4795285117292,307.98580200655226,1211418.4660950159,2058464651577.2188,515493.4090106755,0.4023218809402337
2020-02-25,308.47953203119255,308.8466363140805,306.75485386448054,310.6884291908591,308.2734957328977,307.7744547030841,1209921.2326588817,1879008036410.1719,515169.2421942054,0.4023794362548449
2020-02-26,308.2734992620204,308.6381458978158,306.5318370691823,310.4973231762224,308.0674629540662,307.5631073996159,1208423.9992227475,1699551421243.125,514845.0753777353,0.4024369915694561
2020-02-27,308.0674664928482,308.42965548155104,306.30882027388395,310.30621716158566,307.86143017523466,307.35176009614764,1206926.7657866133,1520094806076.0781,514520.90856126515,0.4024945468840673
2020-02-28,307.861433723676,308.2211650652863,306.0858034785857,310.11511114694895,307.65539739640315,307.14041279267946,1205429.5323504792,1340638190909.0312,514196.741744795,0.40255210219867843
2020-03-02,307.6554009545038,308.0126746490216,305.86278668328737,309.92400513231223,307.44936461757163,306.92906548921127,1203932.298914345,1161181575741.9844,513872.5749283249,0.40260965751328964
2020-03-03,307.44936818533165,307.8041842327569,305.63976988798913,309.7328991176755,307.2433318387401,306.717718185743,1202435.0654782108,981724960574.9375,513548.4081118548,0.40266721282790086
2020-03-04,307.2433354161595,307.59569381649214,305.4167530926908,309.5417931030388,307.0372990599086,306.50637088227484,1200937.8320420766,802268345407.8906,513224.24129538465,0.402724768142512
2020-03-05,307.0373026469873,307.38720340022746,305.19373629739255,309.3506870884021,306.8312662810771,306.29502357880665,1199440.5986059424,622811730240.8438,512900.0744789145,0.40278232345712317
2020-03-06,306.8312698778151,307.1787129839627,304.9707195020942,309.15958107376537,306.6252335022456,306.08367627533846,1197943.3651698083,443355115073.7969,512575.9076624444,0.4028398787717344
2020-03-09,306.6252371086429,306.970222567698,304.74770270679596,308.96847505912865,306.41920072341406,305.8723289718703,1196446.131733674,263898499906.75,512251.7408459743,0.4028974340863456
2020-03-11,306.41920433947075,306.76173215143325,304.5246859114976,308.77736904449193,306.21316794458255,305.66098166840203,1194948.89829754,84441884739.70312,511927.57402950415,0.40295498940095675
2020-03-12,306.2131715702985,306.5532417351685,304.3016691161994,308.5862630298552,306.00713516575104,305.44963436493384,1193451.6648614057,-95014730427.34375,511603.407213034,0.4030125447155679
2020-03-13,306.00713880112636,306.34475131890383,304.078652320901,308.3951570152185,305.8011023869195,305.23828706146566,1191954.4314252716,-274471345594.39062,511279.2403965639,0.4030701000301791
2020-03-16,305.8011060319542,306.1362609026391,303.8556355256028,308.2040510005818,305.595069608088,305.0269397579974,1190457.1979891374,-453927960761.4375,510955.0735800938,0.40312765534479034
2020-03-17,305.595073262782,305.92777048637436,303.63261873030444,308.01294498594507,305.3890368292565,304.8155924545292,1188959.9645530032,-633384575928.4844,510630.90676362364,0.4031852106594015
2020-03-18,305.38904049360985,305.7192800701097,303.4096019350062,307.82183897130835,305.183004050425,304.60424515106104,1187462.731116869,-812841191095.5312,510306.7399471535,0.40324276597401265
2020-03-19,305.18300772443763,305.51078965384494,303.18658513970786,307.63073295667164,304.97697127159347,304.39289784759285,1185965.4976807348,-992297806262.5781,509982.5731306834,0.40330032128862386
2020-03-20,304.97697495526546,305.3022992375802,302.9635683444096,307.4396269420349,304.77093849276196,304.18155054412466,1184468.2642446007,-1171754421429.625,509658.4063142133,0.4033578766032351
2020-03-23,304.7709421860933,305.09380882131546,302.7405515491113,307.2485209273982,304.56490571393044,303.9702032406564,1182971.0308084665,-1351211036596.6719,509334.23949774314,0.40341543191784623
2020-03-24,304.56490941692107,304.8853184050507,302.51753475381304,307.0574149127615,304.35887293509893,303.75885593718823,1181473.7973723323,-1530667651763.7188,509010.072681273,0.4034729872324574
2020-03-25,304.3588766477489,304.67682798878604,302.2945179585147,306.86630889812477,304.1528401562674,303.54750863372004,1179976.5639361981,-1710124266930.7656,508685.9058648029,0.4035305425470686
2020-03-26,304.15284387857673,304.4683375725213,302.07150116321645,306.67520288348805,303.9468073774359,303.3361613302518,1178479.330500064,-1889580882097.8125,508361.7390483328,0.4035880978616798
2020-03-27,303.94681110940456,304.25984715625657,301.8484843679181,306.48409686885134,303.7407745986044,303.1248140267836,1176982.0970639298,-2069037497264.8594,508037.57223186264,0.403645653176291
2020-03-30,303.7407783402324,304.0513567399919,301.62546757261987,306.2929908542146,303.5347418197729,302.9134667233154,1175484.8636277956,-2248494112431.9062,507713.4054153925,0.40370320849090213
2020-03-31,303.53474557106017,303.84286632372715,301.4024507773215,306.1018848395779,303.32870904094136,302.70211941984724,1173987.6301916614,-2427950727598.953,507389.2385989224,0.40376076380551335
2020-04-01,303.328712801888,303.6343759074624,301.1794339820233,305.9107788249412,303.12267626210985,302.49077211637905,1172490.3967555272,-2607407342766.0,507065.0717824523,0.40381831912012456
2020-04-03,303.12268003271583,303.4258854911977,300.95641718672493,305.7196728103045,302.91664348327834,302.2794248129108,1170993.163319393,-2786863957933.047,506740.90496598213,0.4038758744347357
2020-04-07,302.9166472635436,303.21739507493294,300.7334003914267,305.52856679566776,302.7106107044468,302.0680775094426,1169495.9298832589,-2966320573100.0938,506416.738149512,0.4039334297493469
2020-04-08,302.71061449437144,303.00890465866826,300.51038359612835,305.33746078103104,302.5045779256153,301.85673020597443,1167998.6964471247,-3145777188267.1406,506092.5713330419,0.4039909850639581
2020-04-09,302.5045817251993,302.8004142424035,300.2873668008301,305.1463547663943,302.2985451467838,301.6453829025062,1166501.4630109905,-3325233803434.1875,505768.4045165718,0.4040485403785693
2020-04-13,302.2985489560271,302.5919238261388,300.06435000553176,304.9552487517576,302.0925123679523,301.434035599038,1165004.2295748563,-3504690418601.2344,505444.2377001016,0.40410609569318046
2020-04-15,302.09251618685494,302.3834334098741,299.84133321023353,304.7641427371209,301.88647958912077,301.2226882955698,1163506.9961387222,-3684147033768.2812,505120.0708836315,0.4041636510077916
2020-04-16,301.8864834176827,302.17494299360936,299.6183164149352,304.5730367224842,301.68044681028925,301.0113409921016,1162009.762702588,-3863603648935.328,504795.9040671614,0.4042212063224028
2020-04-17,301.68045064851054,301.9664525773446,299.39529961963694,304.38193070784746,301.47441403145774,300.79999368863344,1160512.5292664538,-4043060264102.375,504471.7372506913,0.40427876163701404
2020-04-20,301.4744178793384,301.7579621610799,299.1722828243386,304.19082469321074,301.2683812526262,300.5886463851652,1159015.2958303196,-4222516879269.422,504147.5704342211,0.4043363169516252
2020-04-21,301.26838511016615,301.54947174481515,298.94926602904036,303.999718678574,301.0623484737947,300.377299081697,1157518.0623941855,-4401973494436.469,503823.40361775097,0.40439387226623635
2020-04-22,301.062352340994,301.34098132855047,298.726249233742,303.8086126639373,300.8563156949632,300.1659517782288,1156020.8289580513,-4581430109603.516,503499.2368012809,0.40445142758084757
2020-04-23,300.8563195718218,301.13249091228573,298.5032324384438,303.6175066493006,300.6502829161317,299.9546044747606,1154523.595521917,-4760886724770.5625,503175.0699848108,0.4045089828954588
2020-04-24,300.65028680264965,300.924000496021,298.2802156431454,303.4264006346639,300.4442501373002,299.7432571712924,1153026.362085783,-4940343339937.609,502850.9031683406,0.40456653821006994
2020-04-27,300.4442540334775,300.7155100797563,298.0571988478472,303.23529462002716,300.23821735846866,299.5319098678242,1151529.1286496487,-5119799955104.656,502526.73635187047,0.4046240935246811
2020-04-28,300.23822126430525,300.5070196634916,297.83418205254884,303.04418860539045,300.03218457963715,299.320562564356,1150031.8952135146,-5299256570271.703,502202.56953540037,0.4046816488392923
2020-04-29,300.0321884951331,300.29852924722684,297.6111652572506,302.85308259075373,299.82615180080563,299.1092152608878,1148534.6617773804,-5478713185438.75,501878.4027189303,0.4047392041539035
2020-04-30,299.8261557259609,300.0900388309621,297.38814846195226,302.661976576117,299.6201190219741,298.8978679574196,1147037.4283412462,-5658169800605.797,501554.2359024601,0.4047967594685147
2020-05-04,299.6201229567887,299.88154841469736,297.165131666654,302.4708705614803,299.4140862431426,298.6865206539514,1145540.194905112,-5837626415772.844,501230.06908598996,0.40485431478312583
2020-05-05,299.4140901876165,299.6730579984327,296.94211487135567,302.2797645468436,299.2080534643111,298.4751733504832,1144042.9614689779,-6017083030939.891,500905.90226951987,0.40491187009773705
2020-05-06,299.20805741844435,299.46456758216794,296.71909807605743,302.08865853220686,299.0020206854796,298.26382604701496,1142545.7280328437,-6196539646106.9375,500581.73545304977,0.40496942541234826
2020-05-07,299.0020246492722,299.2560771659032,296.4960812807591,301.89755251757015,298.79598790664807,298.05247874354677,1141048.4945967095,-6375996261273.984,500257.5686365796,0.4050269807269594
2020-05-08,298.7959918801,299.0475867496385,296.27306448546085,301.70644650293343,298.58995512781655,297.8411314400786,1139551.2611605753,-6555452876441.031,499933.40182010946,0.4050845360415706
2020-05-11,298.5899591109278,298.8390963333738,296.0500476901625,301.5153404882967,298.38392234898504,297.6297841366104,1138054.0277244411,-6734909491608.078,499609.23500363936,0.4051420913561818
2020-05-12,298.3839263417556,298.63060591710905,295.82703089486427,301.32423447366,298.1778895701535,297.4184368331422,1136556.794288307,-6914366106775.125,499285.06818716927,0.405199646670793
2020-05-13,298.17789357258346,298.4221155008443,295.6040140995659,301.1331284590233,297.971856791322,297.20708952967396,1135059.5608521728,-7093822721942.172,498960.9013706991,0.40525720198540416
2020-05-14,297.97186080341123,298.2136250845796,295.3809973042677,300.94202244438657,297.7658240124905,296.9957422262058,1133562.3274160386,-7273279337109.219,498636.73455422895,0.4053147573000153
2020-05-15,297.76582803423906,298.0051346683149,295.15798050896933,300.75091642974985,297.559791233659,296.7843949227376,1132065.0939799044,-7452735952276.266,498312.56773775886,0.40537231261462653
2020-05-18,297.5597952650669,297.79664425205016,294.9349637136711,300.55981041511313,297.35375845482747,296.57304761926935,1130567.8605437702,-7632192567443.3125,497988.40092128876,0.40542986792923774
2020-05-19,297.3537624958947,297.5881538357854,294.71194691837275,300.3687044004764,297.14772567599596,296.36170031580116,1129070.627107636,-7811649182610.359,497664.2341048186,0.4054874232438489
2020-05-20,297.14772972672256,297.37966341952074,294.4889301230745,300.1775983858397,296.94169289716444,296.15035301233297,1127573.393671502,-7991105797777.406,497340.06728834845,0.40554497855846006
2020-05-21,296.94169695755033,297.171173003256,294.26591332777616,299.986492371203,296.73566011833293,295.9390057088648,1126076.1602353677,-8170562412944.453,497015.90047187835,0.40560253387307127
2020-05-22,296.73566418837817,296.96268258699126,294.0428965324779,299.79538635656627,296.5296273395014,295.7276584053966,1124578.9267992335,-8350019028111.5,496691.73365540826,0.4056600891876825
2020-05-26,296.529631419206,296.7541921707265,293.8198797371796,299.60428034192955,296.3235945606699,295.51631110192835,1123081.6933630994,-8529475643278.547,496367.5668389381,0.40571764450229364
2020-05-27,296.3235986500338,296.5457017544618,293.59686294188134,299.41317432729284,296.1175617818384,295.30496379846016,1121584.4599269652,-8708932258445.594,496043.40002246795,0.4057751998169048
2020-05-28,296.1175658808616,296.3372113381971,293.373846146583,299.2220683126561,295.9115290030069,295.093616494992,1120087.226490831,-8888388873612.64,495719.23320599785,0.405832755131516
2020-05-29,295.91153311168944,296.12872092193237,293.15082935128476,299.0309622980194,295.70549622417536,294.88226919152373,1118589.9930546968,-9067845488779.688,495395.06638952775,0.4058903104461272
2020-06-01,295.70550034251727,295.92023050566763,292.9278125559864,298.8398562833827,295.49946344534385,294.67092188805555,1117092.7596185626,-9247302103946.734,495070.8995730576,0.4059478657607384
2020-06-02,295.4994675733451,295.71174008940295,292.70479576068817,298.64875026874597,295.29343066651234,294.45957458458736,1115595.5261824285,-9426758719113.781,494746.73275658744,0.40600542107534954
2020-06-03,295.2934348041729,295.5032496731382,292.4817789653898,298.45764425410925,295.0873978876808,294.24822728111917,1114098.2927462943,-9606215334280.828,494422.56594011735,0.40606297638996075
2020-06-04,295.0874020350007,295.2947592568735,292.2587621700916,298.26653823947254,294.8813651088493,294.036879977651,1112601.05931016,-9785671949447.875,494098.39912364725,0.40612053170457196
2020-06-05,294.88136926582854,295.08626884060874,292.03574537479324,298.0754322248358,294.6753323300178,293.82553267418274,1111103.825874026,-9965128564614.922,493774.2323071771,0.4061780870191831
2020-06-08,294.6753364966563,294.877778424344,291.812728579495,297.8843262101991,294.4692995511863,293.61418537071455,1109606.5924378918,-10144585179781.969,493450.06549070694,0.4062356423337943
2020-06-09,294.46930372748415,294.6692880080793,291.58971178419665,297.6932201955624,294.26326677235477,293.40283806724636,1108109.3590017576,-10324041794949.016,493125.89867423684,0.4062931976484055
2020-06-10,294.263270958312,294.4607975918146,291.3666949888984,297.5021141809257,294.05723399352325,293.1914907637781,1106612.1255656234,-10503498410116.062,492801.73185776675,0.4063507529630167
2020-06-11,294.0572381891398,294.25230717554984,291.14367819360007,297.31100816628896,293.85120121469174,292.98014346030993,1105114.8921294892,-10682955025283.11,492477.5650412966,0.40640830827762786
2020-06-12,293.85120541996764,294.04381675928516,290.92066139830183,297.11990215165224,293.6451684358602,292.76879615684174,1103617.658693355,-10862411640450.156,492153.39822482644,0.406465863592239
2020-06-15,293.6451726507954,293.8353263430204,290.6976446030035,296.9287961370155,293.4391356570287,292.55744885337356,1102120.4252572209,-11041868255617.203,491829.23140835634,0.40652341890685023
2020-06-16,293.43913988162325,293.6268359267557,290.47462780770525,296.7376901223788,293.2331028781972,292.34610154990537,1100623.1918210867,-11221324870784.25,491505.06459188624,0.40658097422146144
2020-06-17,293.2331071124511,293.41834551049095,290.2516110124069,296.5465841077421,293.0270700993657,292.1347542464371,1099125.9583849525,-11400781485951.297,491180.8977754161,0.4066385295360726
2020-06-18,293.02707434327885,293.2098550942262,290.02859421710866,296.3554780931054,292.8210373205342,291.92340694296894,1097628.7249488183,-11580238101118.344,490856.73095894593,0.40669608485068376
2020-06-19,292.8210415741067,293.00136467796153,289.8055774218103,296.16437207846866,292.61500454170266,291.71205963950075,1096131.4915126842,-11759694716285.39,490532.56414247584,0.40675364016529497
2020-06-22,292.6150088049345,292.7928742616968,289.5825606265121,295.97326606383194,292.40897176287115,291.5007123360325,1094634.25807655,-11939151331452.438,490208.39732600574,0.4068111954799062
2020-06-23,292.40897603576235,292.58438384543206,289.3595438312137,295.7821600491952,292.20293898403963,291.2893650325643,1093137.0246404158,-12118607946619.484,489884.2305095356,0.40686875079451734
2020-06-24,292.2029432665902,292.3758934291674,289.1365270359155,295.5910540345585,291.9969062052081,291.07801772909613,1091639.7912042816,-12298064561786.531,489560.06369306543,0.4069263061091285
2020-06-25,291.99691049741796,292.16740301290264,288.91351024061714,295.3999480199218,291.7908734263766,290.86667042562794,1090142.5577681474,-12477521176953.578,489235.89687659533,0.4069838614237397
2020-06-26,291.7908777282458,291.9589125966379,288.6904934453189,295.2088420052851,291.5848406475451,290.65532312215976,1088645.3243320133,-12656977792120.625,488911.73006012524,0.4070414167383509
2020-06-29,291.5848449590736,291.75042218037316,288.46747665002056,295.01773599064836,291.3788078687136,290.4439758186915,1087148.090895879,-12836434407287.672,488587.5632436551,0.4070989720529621
2020-06-30,291.3788121899014,291.5419317641084,288.2444598547223,294.82662997601165,291.17277508988207,290.2326285152233,1085650.857459745,-13015891022454.719,488263.3964271849,0.40715652736757324
2020-07-01,291.1727794207292,291.33344134784375,288.021443059424,294.63552396137493,290.96674231105055,290.02128121175514,1084153.6240236107,-13195347637621.766,487939.2296107148,0.40721408268218445
2020-07-02,290.96674665155706,291.124950931579,287.79842626412574,294.4444179467382,290.76070953221904,289.8099339082869,1082656.3905874765,-13374804252788.812,487615.06279424473,0.40727163799679567
2020-07-03,290.7607138823849,290.91646051531427,287.5754094688274,294.2533119321015,290.5546767533875,289.5985866048187,1081159.1571513424,-13554260867955.86,487290.8959777746,0.4073291933114068
2020-07-06,290.5546811132127,290.7079700990496,287.35239267352915,294.0622059174648,290.348643974556,289.3872393013505,1079661.9237152082,-13733717483122.906,486966.7291613044,0.407386748626018
2020-07-07,290.3486483440405,290.49947968278485,287.1293758782308,293.87109990282806,290.1426111957245,289.17589199788233,1078164.690279074,-13913174098289.953,486642.5623448343,0.4074443039406292
2020-07-08,290.14261557486833,290.2909892665201,286.90635908293257,293.67999388819135,289.936578416893,288.96454469441414,1076667.4568429398,-14092630713457.0,486318.3955283642,0.4075018592552404
2020-07-09,289.93658280569616,290.0824988502554,286.6833422876342,293.48888787355463,289.73054563806147,288.7531973909459,1075170.2234068057,-14272087328624.047,485994.2287118941,0.40755941456985156
2020-07-10,289.73055003652394,289.87400843399064,286.460325492336,293.2977818589179,289.52451285922996,288.5418500874777,1073672.9899706715,-14451543943791.094,485670.0618954239,0.4076169698844627
2020-07-13,289.52451726735177,289.66551801772596,286.23730869703763,293.1066758442812,289.31848008039844,288.3305027840095,1072175.7565345373,-14631000558958.14,485345.8950789538,0.40767452519907393
2020-07-14,289.3184844981796,289.4570276014612,286.0142919017394,292.9155698296445,289.11244730156693,288.1191554805413,1070678.5230984031,-14810457174125.188,485021.7282624837,0.40773208051368515
2020-07-15,289.11245172900743,289.2485371851965,285.79127510644105,292.72446381500777,288.9064145227354,287.9078081770731,1069181.289662269,-14989913789292.234,484697.56144601357,0.4077896358282963
2020-07-16,288.90641895983526,289.0400467689318,285.5682583111428,292.53335780037105,288.7003817439039,287.6964608736049,1067684.0562261348,-15169370404459.281,484373.3946295434,0.40784719114290746
2020-07-17,288.70038619066304,288.83155635266706,285.34524151584446,292.34225178573433,288.4943489650724,287.4851135701367,1066186.8227900006,-15348827019626.328,484049.2278130733,0.4079047464575187
2020-07-20,288.49435342149087,288.6230659364023,285.1222247205462,292.1511457710976,288.2883161862409,287.27376626666853,1064689.5893538664,-15528283634793.375,483725.0609966032,0.4079623017721299
2020-07-21,288.2883206523187,288.4145755201376,284.8992079252479,291.9600397564609,288.08228340740936,287.0624189632003,1063192.3559177322,-15707740249960.422,483400.89418013307,0.40801985708674104
2020-07-22,288.0822878831465,288.20608510387285,284.67619112994964,291.7689337418242,287.87625062857785,286.8510716597321,1061695.122481598,-15887196865127.469,483076.7273636629,0.4080774124013522
2020-07-23,287.8762551139743,287.99759468760817,284.4531743346513,291.57782772718747,287.67021784974634,286.6397243562639,1060197.8890454639,-16066653480294.516,482752.5605471928,0.4081349677159634
2020-07-24,287.67022234480214,287.78910427134343,284.23015753935306,291.38672171255075,287.4641850709148,286.42837705279567,1058700.6556093297,-16246110095461.562,482428.3937307227,0.4081925230305746
2020-07-27,287.46418957563,287.5806138550787,284.0071407440547,291.19561569791404,287.2581522920833,286.2170297493275,1057203.4221731955,-16425566710628.61,482104.22691425256,0.4082500783451858
2020-07-28,287.2581568064578,287.372123438814,283.7841239487565,291.0045096832773,287.0521195132518,286.0056824458593,1055706.1887370613,-16605023325795.656,481780.0600977824,0.40830763365979694
2020-07-29,287.0521240372856,287.1636330225493,283.5611071534581,290.8134036686406,286.8460867344203,285.7943351423911,1054208.9553009272,-16784479940962.703,481455.8932813123,0.40836518897440816
2020-07-30,286.8460912681134,286.95514260628454,283.3380903581599,290.6222976540039,286.64005395558877,285.5829878389229,1052711.721864793,-16963936556129.75,481131.7264648422,0.40842274428901937
2020-07-31,286.64005849894124,286.7466521900198,283.11507356286154,290.43119163936717,286.43402117675726,285.3716405354547,1051214.4884286588,-17143393171296.797,480807.55964837206,0.4084802996036305
2020-08-03,286.434025729769,286.53816177375506,282.8920567675633,290.24008562473045,286.22798839792574,285.1602932319865,1049717.2549925246,-17322849786463.844,480483.3928319019,0.4085378549182417
2020-08-04,286.22799296059685,286.3296713574904,282.66903997226495,290.04897961009374,286.02195561909423,284.9489459285183,1048220.0215563903,-17502306401630.89,480159.2260154318,0.4085954102328529
2020-08-05,286.0219601914247,286.12118094122565,282.4460231769667,289.857873595457,285.8159228402627,284.73759862505005,1046722.7881202562,-17681763016797.938,479835.0591989617,0.4086529655474641
2020-08-06,285.8159274222525,285.9126905249609,282.22300638166837,289.6667675808203,285.6098900614312,284.52625132158187,1045225.554684122,-17861219631964.984,479510.89238249155,0.40871052086207527
2020-08-07,285.60989465308035,285.7042001086962,281.99998958637013,289.4756615661836,285.4038572825997,284.3149040181137,1043728.3212479878,-18040676247132.03,479186.7255660214,0.4087680761766864
2020-08-10,285.4038618839081,285.4957096924315,281.7769727910718,289.2845555515469,285.1978245037682,284.1035567146455,1042231.0878118536,-18220132862299.08,478862.5587495513,0.40882563149129764
2020-08-11,285.19782911473595,285.28721927616675,281.55395599577355,289.09344953691016,284.99179172493666,283.8922094111773,1040733.8543757194,-18399589477466.125,478538.3919330812,0.40888318680590885
2020-08-12,284.9917963455638,285.078728859902,281.3309392004752,288.90234352227344,284.78575894610515,283.68086210770906,1039236.6209395853,-18579046092633.17,478214.22511661105,0.40894074212052
2020-08-13,284.78576357639156,284.8702384436373,281.10792240517696,288.7112375076367,284.57972616727363,283.4695148042409,1037739.3875034511,-18758502707800.22,477890.0583001409,0.40899829743513116
2020-08-14,284.5797308072194,284.6617480273726,280.8849056098786,288.520131493,284.3736933884421,283.2581675007727,1036242.1540673169,-18937959322967.266,477565.8914836708,0.4090558527497424
2020-08-17,284.3736980380472,284.45325761110786,280.6618888145804,288.3290254783633,284.1676606096106,283.04682019730444,1034744.9206311827,-19117415938134.312,477241.7246672007,0.4091134080643536
2020-08-18,284.16766526887506,284.2447671948431,280.43887201928203,288.1379194637266,283.9616278307791,282.83547289383625,1033247.6871950486,-19296872553301.36,476917.55785073055,0.40917096337896475
2020-08-19,283.9616324997029,284.03627677857844,280.2158552239838,287.94681344908986,283.7555950519476,282.62412559036807,1031750.4537589144,-19476329168468.406,476593.3910342604,0.4092285186935759
2020-08-20,283.75559973053066,283.8277863623137,279.99283842868545,287.75570743445314,283.54956227311607,282.4127782868999,1030253.2203227802,-19655785783635.453,476269.2242177903,0.4092860740081871
2020-08-21,283.5495669613585,283.61929594604896,279.7698216333872,287.5646014198164,283.34352949428455,282.2014309834317,1028755.986886646,-19835242398802.5,475945.0574013202,0.40934362932279833
2020-08-24,283.3435341921863,283.4108055297842,279.54680483808886,287.3734954051797,283.13749671545304,281.99008367996345,1027258.7534505118,-20014699013969.547,475620.89058485004,0.4094011846374095
2020-08-25,283.1375014230141,283.2023151135195,279.3237880427906,287.182389390543,282.9314639366215,281.77873637649526,1025761.5200143777,-20194155629136.594,475296.7237683799,0.40945873995202064
2020-08-26,282.93146865384193,282.9938246972548,279.1007712474923,286.9912833759063,282.72543115779,281.5673890730271,1024264.2865782435,-20373612244303.64,474972.5569519098,0.40951629526663186
2020-08-27,282.72543588466976,282.78533428099007,278.87775445219404,286.80017736126956,282.5193983789585,281.35604176955883,1022767.0531421093,-20553068859470.688,474648.3901354397,0.40957385058124307
2020-08-28,282.5194031154976,282.57684386472533,278.6547376568957,286.60907134663285,282.313365600127,281.14469446609064,1021269.8197059751,-20732525474637.734,474324.22331896954,0.40963140589585423
2020-08-31,282.3133703463254,282.36835344846065,278.43172086159746,286.41796533199613,282.1073328212955,280.93334716262245,1019772.586269841,-20911982089804.78,474000.0565024994,0.4096889612104654
2020-09-01,282.1073375771532,282.1598630321959,278.2087040662991,286.2268593173594,281.90130004246396,280.72199985915427,1018275.3528337068,-21091438704971.83,473675.8896860293,0.4097465165250766
2020-09-02,281.90130480798103,281.9513726159312,277.98568727100087,286.0357533027227,281.69526726363245,280.5106525556861,1016778.1193975726,-21270895320138.875,473351.7228695592,0.4098040718396878
2020-09-03,281.69527203880887,281.74288219966644,277.7626704757025,285.844647288086,281.48923448480093,280.29930525221783,1015280.8859614384,-21450351935305.92,473027.55605308904,0.40986162715429897
2020-09-04,281.48923926963664,281.5343917834017,277.5396536804043,285.65354127344926,281.2832017059694,280.08795794874965,1013783.6525253042,-21629808550472.97,472703.3892366189,0.4099191824689101
2020-09-07,281.2832065004645,281.325901367137,277.31663688510594,285.46243525881255,281.0771689271379,279.87661064528146,1012286.41908917,-21809265165640.016,472379.2224201488,0.40997673778352134
2020-09-08,281.0771737312923,281.1174109508723,277.0936200898077,285.27132924417583,280.8711361483064,279.6652633418132,1010789.1856530359,-21988721780807.062,472055.0556036787,0.41003429309813255
2020-09-09,280.87114096212014,280.90892053460755,276.87060329450935,285.0802232295391,280.6651033694749,279.453916038345,1009291.9522169017,-22168178395974.11,471730.88878720853,0.4100918484127437
2020-09-10,280.66510819294797,280.70043011834287,276.6475864992111,284.8891172149024,280.45907059064336,279.24256873487684,1007794.7187807675,-22347635011141.156,471406.7219707384,0.41014940372735487
2020-09-11,280.45907542377574,280.4919397020781,276.42456970391277,284.6980112002657,280.25303781181185,279.03122143140865,1006297.4853446333,-22527091626308.203,471082.5551542683,0.4102069590419661
2020-09-14,280.2530426546036,280.2834492858134,276.20155290861453,284.50690518562897,280.04700503298034,278.81987412794047,1004800.2519084992,-22706548241475.25,470758.3883377982,0.4102645143565773
2020-09-15,280.0470098854314,280.07495886954865,275.9785361133162,284.31579917099225,279.8409722541488,278.6085268244722,1003303.018472365,-22886004856642.297,470434.221521328,0.41032206967118845
2020-09-16,279.8409771162592,279.8664684532839,275.75551931801795,284.12469315635553,279.6349394753173,278.39717952100403,1001805.7850362308,-23065461471809.344,470110.0547048579,0.4103796249857996
2020-09-17,279.634944347087,279.65797803701923,275.5325025227196,283.9335871417188,279.4289066964858,278.18583221753585,1000308.5516000966,-23244918086976.39,469785.8878883878,0.4104371803004108
2020-09-18,279.42891157791485,279.4494876207545,275.30948572742136,283.7424811270821,279.2228739176543,277.9744849140676,998811.3181639625,-23424374702143.438,469461.7210719177,0.41049473561502203
2020-09-21,279.2228788087427,279.24099720448976,275.086468932123,283.5513751124454,279.01684113882277,277.7631376105994,997314.0847278283,-23603831317310.484,469137.5542554475,0.4105522909296332
2020-09-22,279.0168460395705,279.0325067882251,274.8634521368248,283.36026909780867,278.81080835999126,277.5517903071312,995816.8512916941,-23783287932477.53,468813.38743897737,0.41060984624424435
2020-09-23,278.8108132703983,278.82401637196034,274.6404353415264,283.16916308317195,278.60477558115974,277.34044300366304,994319.6178555599,-23962744547644.58,468489.2206225073,0.41066740155885556
2020-09-24,278.6047805012261,278.6155259556956,274.4174185462282,282.97805706853524,278.39874280232823,277.12909570019485,992822.3844194257,-24142201162811.625,468165.0538060372,0.4107249568734668
2020-09-25,278.39874773205395,278.40703553943086,274.19440175092984,282.7869510538985,278.1927100234967,276.9177483967266,991325.1509832916,-24321657777978.67,467840.886989567,0.41078251218807793
2020-09-28,278.1927149628817,278.1985451231661,273.9713849556316,282.5958450392618,277.9866772446652,276.7064010932584,989827.9175471574,-24501114393145.72,467516.72017309687,0.4108400675026891
2020-09-29,277.98668219370956,277.99005470690145,273.74836816033326,282.4047390246251,277.7806444658337,276.49505378979023,988330.6841110232,-24680571008312.766,467192.55335662677,0.4108976228173003
2020-09-30,277.7806494245374,277.7815642906367,273.525351365035,282.21363300998837,277.5746116870022,276.283706486322,986833.450674889,-24860027623479.812,466868.3865401567,0.4109551781319115
2020-10-01,277.5746166553652,277.57307387437197,273.3023345697367,282.02252699535165,277.36857890817066,276.0723591828538,985336.2172387548,-25039484238646.86,466544.2197236865,0.41101273344652267
2020-10-05,277.36858388619305,277.3645834581073,273.07931777443844,281.83142098071494,277.16254612933915,275.8610118793856,983838.9838026207,-25218940853813.906,466220.05290721636,0.41107028876113383
2020-10-06,277.1625511170208,277.15609304184255,272.8563009791401,281.6403149660782,276.95651335050763,275.6496645759174,982341.7503664865,-25398397468980.953,465895.88609074627,0.41112784407574504
2020-10-07,276.95651834784866,276.9476026255778,272.63328418384185,281.4492089514415,276.7504805716761,275.43831727244924,980844.5169303522,-25577854084148.0,465571.71927427617,0.41118539939035625
2020-10-08,276.7504855786765,276.7391122093131,272.4102673885435,281.2581029368048,276.5444477928446,275.226969968981,979347.283494218,-25757310699315.047,465247.552457806,0.4112429547049674
2020-10-09,276.54445280950426,276.53062179304834,272.18725059324527,281.0669969221681,276.3384150140131,275.0156226655128,977850.0500580838,-25936767314482.094,464923.38564133586,0.41130051001957857
2020-10-12,276.3384200403321,276.32213137678366,271.9642337979469,280.87589090753136,276.1323822351816,274.8042753620446,976352.8166219497,-26116223929649.14,464599.21882486576,0.4113580653341898
2020-10-13,276.1323872711599,276.1136409605189,271.7412170026487,280.68478489289464,275.92634945635007,274.5929280585764,974855.5831858155,-26295680544816.188,464275.05200839567,0.411415620648801
2020-10-14,275.92635450198776,275.9051505442542,271.51820020735033,280.4936788782579,275.72031667751855,274.3815807551082,973358.3497496813,-26475137159983.234,463950.8851919255,0.41147317596341215
2020-10-15,275.7203217328156,275.6966601279895,271.2951834120521,280.3025728636212,275.51428389868704,274.17023345164,971861.1163135471,-26654593775150.28,463626.71837545536,0.4115307312780233
2020-10-16,275.51428896364337,275.48816971172477,271.07216661675375,280.1114668489845,275.3082511198555,273.9588861481718,970363.882877413,-26834050390317.33,463302.55155898526,0.4115882865926345
2020-10-19,275.3082561944712,275.27967929546,270.8491498214555,279.9203608343478,275.102218341024,273.7475388447036,968866.6494412788,-27013507005484.375,462978.38474251516,0.41164584190724574
2020-10-20,275.10222342529903,275.0711888791953,270.62613302615716,279.72925481971106,274.8961855621925,273.5361915412354,967369.4160051446,-27192963620651.42,462654.217926045,0.4117033972218569
2020-10-21,274.8961906561268,274.86269846293055,270.4031162308589,279.53814880507434,274.690152783361,273.3248442377672,965872.1825690104,-27372420235818.47,462330.05110957485,0.41176095253646805
2020-10-22,274.69015788695464,274.6542080466659,270.1800994355606,279.3470427904376,274.4841200045295,273.113496934299,964374.9491328762,-27551876850985.516,462005.88429310475,0.41181850785107926
2020-10-23,274.48412511778247,274.44571763040113,269.95708264026234,279.1559367758009,274.27808722569796,272.90214963083076,962877.7156967421,-27731333466152.562,461681.71747663466,0.4118760631656905
2020-10-26,274.2780923486103,274.2372272141364,269.734065844964,278.9648307611642,274.07205444686645,272.6908023273626,961380.4822606079,-27910790081319.61,461357.5506601645,0.41193361848030163
2020-10-27,274.07205957943813,274.0287367978717,269.51104904966576,278.7737247465275,273.86602166803493,272.4794550238944,959883.2488244737,-28090246696486.656,461033.38384369435,0.4119911737949128
2020-10-28,273.8660268102659,273.820246381607,269.2880322543674,278.58261873189076,273.6599888892034,272.2681077204262,958386.0153883395,-28269703311653.703,460709.21702722425,0.412048729109524
2020-10-29,273.65999404109374,273.61175596534224,269.0650154590692,278.39151271725405,273.4539561103719,272.056760416958,956888.7819522053,-28449159926820.75,460385.05021075415,0.4121062844241352
2020-10-30,273.45396127192157,273.4032655490775,268.8419986637708,278.20040670261733,273.2479233315404,271.84541311348977,955391.5485160712,-28628616541987.797,460060.883394284,0.4121638397387464
2020-11-02,273.24792850274935,273.19477513281277,268.6189818684726,278.0093006879806,273.0418905527089,271.6340658100216,953894.315079937,-28808073157154.844,459736.71657781384,0.41222139505335753
2020-11-03,273.0418957335772,272.9862847165481,268.39596507317424,277.8181946733439,272.83585777387736,271.4227185065534,952397.0816438028,-28987529772321.89,459412.54976134375,0.41227895036796874
2020-11-04,272.835862964405,272.77779430028335,268.172948277876,277.6270886587072,272.62982499504585,271.21137120308515,950899.8482076686,-29166986387488.938,459088.38294487365,0.41233650568257996
2020-11-05,272.62983019523284,272.5693038840186,267.94993148257765,277.43598264407046,272.42379221621434,271.00002389961696,949402.6147715345,-29346443002655.984,458764.2161284035,0.4123940609971911
2020-11-06,272.4237974260607,272.3608134677539,267.7269146872794,277.24487662943375,272.2177594373828,270.7886765961488,947905.3813354003,-29525899617823.03,458440.04931193334,0.41245161631180227
2020-11-09,272.21776465688845,272.1523230514892,267.50389789198107,277.05377061479703,272.0117266585513,270.5773292926806,946408.1478992661,-29705356232990.08,458115.88249546324,0.4125091716264135
2020-11-10,272.0117318877163,271.94383263522445,267.28088109668283,276.8626646001603,271.8056938797198,270.3659819892124,944910.9144631319,-29884812848157.125,457791.71567899315,0.4125667269410247
2020-11-11,271.8056991185441,271.7353422189597,267.0578643013845,276.6715585855236,271.5996611008883,270.15463468574416,943413.6810269977,-30064269463324.17,457467.548862523,0.41262428225563585
2020-11-12,271.5996663493719,271.526851802695,266.83484750608625,276.4804525708869,271.39362832205677,269.94328738227597,941916.4475908636,-30243726078491.22,457143.38204605284,0.412681837570247
2020-11-13,271.3936335801997,271.3183613864303,266.6118307107879,276.28934655625017,271.18759554322526,269.7319400788078,940419.2141547294,-30423182693658.266,456819.21522958274,0.4127393928848582
2020-11-14,271.18760081102755,271.10987097016556,266.38881391548966,276.09824054161345,270.98156276439374,269.52059277533954,938921.9807185952,-30602639308825.312,456495.04841311264,0.41279694819946944
2020-11-17,270.9815680418554,270.9013805539008,266.1657971201913,275.90713452697673,270.77552998556223,269.30924547187135,937424.747282461,-30782095923992.36,456170.8815966425,0.4128545035140806
2020-11-18,270.7755352726832,270.69289013763614,265.9427803248931,275.71602851234,270.5694972067307,269.09789816840316,935927.5138463269,-30961552539159.406,455846.71478017233,0.41291205882869175
2020-11-19,270.569502503511,270.4843997213714,265.71976352959473,275.5249224977033,270.3634644278992,268.886550864935,934430.2804101927,-31141009154326.453,455522.54796370224,0.41296961414330297
2020-11-20,270.3634697343388,270.27590930510667,265.4967467342965,275.3338164830666,270.1574316490677,268.6752035614668,932933.0469740585,-31320465769493.5,455198.38114723214,0.4130271694579142
2020-11-23,270.15743696516665,270.0674188888419,265.27372993899814,275.14271046842987,269.9513988702362,268.46385625799854,931435.8135379243,-31499922384660.547,454874.214330762,0.41308472477252534
2020-11-24,269.9514041959944,269.8589284725772,265.0507131436999,274.95160445379315,269.74536609140466,268.25250895453036,929938.5801017901,-31679378999827.594,454550.04751429183,0.4131422800871365
2020-11-25,269.74537142682226,269.6504380563125,264.82769634840156,274.76049843915644,269.53933331257315,268.04116165106217,928441.346665656,-31858835614994.64,454225.88069782173,0.4131998354017477
2020-11-26,269.5393386576501,269.4419476400478,264.6046795531033,274.5693924245197,269.33330053374164,267.8298143475939,926944.1132295218,-32038292230161.688,453901.71388135164,0.4132573907163589
2020-11-27,269.3333058884779,269.23345722378303,264.381662757805,274.378286409883,269.1272677549101,267.61846704412574,925446.8797933876,-32217748845328.734,453577.5470648815,0.4133149460309701
2020-12-01,269.12727311930576,269.02496680751835,264.15864596250674,274.1871803952463,268.9212349760786,267.40711974065755,923949.6463572534,-32397205460495.78,453253.3802484113,0.41337250134558123
2020-12-02,268.92124035013353,268.8164763912536,263.9356291672084,273.99607438060957,268.7152021972471,267.19577243718936,922452.4129211192,-32576662075662.83,452929.2134319412,0.41343005666019245
2020-12-03,268.71520758096136,268.6079859749889,263.71261237191015,273.80496836597285,268.5091694184156,266.9844251337212,920955.1794849851,-32756118690829.875,452605.04661547113,0.41348761197480366
2020-12-04,268.5091748117892,268.39949555872414,263.4895955766118,273.61386235133614,268.30313663958407,266.77307783025293,919457.9460488509,-32935575305996.92,452280.879799001,0.4135451672894148
2020-12-07,268.30314204261697,268.1910051424594,263.26657878131357,273.4227563366994,268.09710386075255,266.56173052678474,917960.7126127167,-33115031921163.97,451956.7129825308,0.413602722604026
2020-12-08,268.0971092734448,267.9825147261947,263.0435619860152,273.2316503220627,267.89107108192104,266.35038322331656,916463.4791765825,-33294488536331.016,451632.5461660607,0.4136602779186372
2020-12-09,267.89107650427263,267.77402430993,262.820545190717,273.040544307426,267.6850383030895,266.1390359198483,914966.2457404484,-33473945151498.062,451308.3793495906,0.4137178332332484
2020-12-10,267.68504373510046,267.56553389366525,262.59752839541864,272.8494382927893,267.479005524258,265.9276886163801,913469.0123043142,-33653401766665.11,450984.2125331205,0.41377538854785956
2020-12-11,267.4790109659283,267.35704347740057,262.3745116001204,272.65833227815256,267.2729727454265,265.71634131291194,911971.77886818,-33832858381832.156,450660.0457166503,0.4138329438624707
2020-12-14,267.27297819675607,267.14855306113583,262.15149480482205,272.46722626351584,267.066939966595,265.50499400944375,910474.5454320458,-34012314996999.203,450335.8789001802,0.4138904991770819
2020-12-15,267.0669454275839,266.9400626448711,261.9284780095238,272.2761202488791,266.8609071877635,265.29364670597556,908977.3119959116,-34191771612166.25,450011.7120837101,0.41394805449169314
2020-12-16,266.86091265841173,266.73157222860635,261.70546121422547,272.0850142342424,266.65487440893196,265.0822994025073,907480.0785597775,-34371228227333.297,449687.54526723997,0.4140056098063043
2020-12-17,266.6548798892395,266.5230818123416,261.48244441892723,271.8939082196057,266.44884163010045,264.87095209903913,905982.8451236433,-34550684842500.344,449363.3784507698,0.41406316512091546
2020-12-18,266.44884712006734,266.31459139607693,261.2594276236289,271.702802204969,266.24280885126893,264.65960479557094,904485.6116875091,-34730141457667.39,449039.2116342997,0.41412072043552667
2020-12-21,266.2428143508952,266.1061009798122,261.03641082833065,271.51169619033226,266.0367760724374,264.4482574921027,902988.3782513749,-34909598072834.438,448715.0448178296,0.4141782757501379
2020-12-22,266.036781581723,265.89761056354746,260.8133940330323,271.32059017569554,265.8307432936059,264.2369101886345,901491.1448152408,-35089054688001.484,448390.87800135947,0.41423583106474904
2020-12-23,265.83074881255084,265.6891201472828,260.59037723773406,271.1294841610588,265.6247105147744,264.0255628851663,899993.9113791066,-35268511303168.53,448066.7111848893,0.4142933863793602
2020-12-24,265.6247160433786,265.48062973101804,260.3673604424357,270.9383781464221,265.4186777359429,263.81421558169814,898496.6779429724,-35447967918335.58,447742.5443684192,0.4143509416939714
2020-12-28,265.41868327420644,265.2721393147533,260.1443436471375,270.7472721317854,265.21264495711137,263.60286827822995,896999.4445068382,-35627424533502.625,447418.3775519491,0.4144084970085826
2020-12-29,265.2126505050343,265.06364889848857,259.9213268518391,270.5561661171487,265.00661217827985,263.3915209747617,895502.211070704,-35806881148669.67,447094.21073547896,0.4144660523231938
2020-12-30,265.00661773586205,264.8551584822238,259.6983100565409,270.36506010251196,264.80057939944834,263.1801736712935,894004.9776345699,-35986337763836.72,446770.0439190088,0.41452360763780494
2020-12-31,264.8005849666899,264.64666806595915,259.47529326124254,270.17395408787525,264.5945466206168,262.96882636782533,892507.7441984357,-36165794379003.766,446445.8771025387,0.41458116295241615
2021-01-01,264.5945521975177,264.4381776496944,259.2522764659443,269.98284807323853,264.3885138417853,262.7574790643571,891010.5107623015,-36345250994170.81,446121.7102860686,0.41463871826702736
2021-01-04,264.38851942834555,264.2296872334297,259.02925967064596,269.7917420586018,264.1824810629538,262.5461317608889,889513.2773261673,-36524707609337.86,445797.54346959846,0.4146962735816385
2021-01-05,264.1824866591734,264.021196817165,258.8062428753477,269.6006360439651,263.9764482841223,262.3347844574207,888016.0438900332,-36704164224504.91,445473.3766531283,0.4147538288962497
2021-01-06,263.97645389000115,263.81270640090025,258.58322608004937,269.4095300293284,263.77041550529077,262.1234371539525,886518.810453899,-36883620839671.95,445149.2098366582,0.4148113842108609
2021-01-07,263.770421120829,263.6042159846355,258.36020928475114,269.21842401469166,263.56438272645926,261.91208985048434,885021.5770177648,-37063077454839.0,444825.0430201881,0.4148689395254721
2021-01-08,263.5643883516568,263.3957255683708,258.1371924894528,269.02731800005495,263.35834994762774,261.7007425470161,883524.3435816306,-37242534070006.05,444500.87620371795,0.41492649484008326
2021-01-11,263.3583555824846,263.18723515210604,257.91417569415455,268.83621198541823,263.15231716879623,261.4893952435479,882027.1101454964,-37421990685173.09,444176.7093872478,0.4149840501546944
2021-01-12,263.1523228133124,262.97874473584136,257.6911588988562,268.6451059707815,262.9462843899647,261.2780479400797,880529.8767093623,-37601447300340.14,443852.5425707777,0.41504160546930563
2021-01-13,262.94629004414026,262.7702543195766,257.46814210355797,268.4539999561448,262.7402516111332,261.0667006366115,879032.6432732281,-37780903915507.19,443528.3757543076,0.41509916078391684
2021-01-14,262.7402572749681,262.5617639033119,257.2451253082596,268.2628939415081,262.5342188323017,260.8553533331433,877535.4098370939,-37960360530674.234,443204.20893783745,0.415156716098528
2021-01-15,262.5342245057959,262.3532734870472,257.0221085129614,268.07178792687137,262.3281860534702,260.6440060296751,876038.1764009597,-38139817145841.28,442880.0421213673,0.41521427141313916
2021-01-18,262.3281917366237,262.14478307078247,256.79909171766303,267.88068191223465,262.12215327463866,260.4326587262069,874540.9429648255,-38319273761008.33,442555.8753048972,0.41527182672775037
2021-01-19,262.1221589674515,261.93629265451773,256.5760749223648,267.68957589759793,261.91612049580715,260.2213114227387,873043.7095286914,-38498730376175.375,442231.7084884271,0.4153293820423616
2021-01-20,261.91612619827936,261.727802238253,256.35305812706645,267.4984698829612,261.71008771697564,260.0099641192705,871546.4760925572,-38678186991342.42,441907.54167195695,0.41538693735697274
2021-01-21,261.71009342910713,261.51931182198825,256.1300413317682,267.3073638683245,261.5040549381441,259.7986168158023,870049.242656423,-38857643606509.47,441583.3748554868,0.4154444926715839
2021-01-22,261.50406065993496,261.3108214057236,255.9070245364699,267.1162578536878,261.2980221593126,259.5872695123341,868552.0092202888,-39037100221676.516,441259.2080390167,0.4155020479861951
2021-01-25,261.2980278907628,261.10233098945884,255.6840077411716,266.92515183905107,261.0919893804811,259.37592220886586,867054.7757841547,-39216556836843.56,440935.0412225466,0.4155596033008063
2021-01-27,261.0919951215906,260.8938405731941,255.4609909458733,266.73404582441435,260.8859566016496,259.16457490539767,865557.5423480205,-39396013452010.61,440610.87440607644,0.4156171586154175
2021-01-28,260.88596235241846,260.6853501569294,255.237974150575,266.54293980977764,260.67992382281807,258.9532276019295,864060.3089118863,-39575470067177.66,440286.7075896063,0.41567471393002864
2021-01-29,260.67992958324623,260.4768597406647,255.01495735527672,266.3518337951409,260.47389104398655,258.7418802984613,862563.0754757521,-39754926682344.7,439962.5407731362,0.41573226924463985
2021-02-01,260.47389681407407,260.26836932439994,254.79194055997843,266.1607277805042,260.26785826515504,258.5305329949931,861065.842039618,-39934383297511.75,439638.3739566661,0.41578982455925106
2021-02-02,260.2678640449019,260.0598789081352,254.56892376468014,265.9696217658675,260.0618254863235,258.31918569152486,859568.6086034838,-40113839912678.8,439314.20714019594,0.4158473798738622
2021-02-03,260.0618312757297,259.85138849187047,254.34590696938184,265.77851575123077,259.855792707492,258.1078383880567,858071.3751673496,-40293296527845.84,438990.0403237258,0.4159049351884734
2021-02-04,259.8557985065575,259.6428980756058,254.12289017408355,265.58740973659405,259.6497599286605,257.8964910845885,856574.1417312154,-40472753143012.89,438665.8735072557,0.4159624905030846
2021-02-05,259.64976573738534,259.43440765934105,253.89987337878526,265.39630372195734,259.443727149829,257.68514378112025,855076.9082950812,-40652209758179.94,438341.7066907856,0.4160200458176958
2021-02-08,259.44373296821317,259.2259172430763,253.67685658348697,265.2051977073206,259.2376943709975,257.47379647765206,853579.674858947,-40831666373346.984,438017.53987431544,0.41607760113230696
2021-02-09,259.237700199041,259.01742682681163,253.45383978818867,265.0140916926839,259.03166159216596,257.26244917418387,852082.4414228129,-41011122988514.03,437693.3730578453,0.4161351564469181
2021-02-10,259.0316674298688,258.8089364105469,253.23082299289038,264.8229856780472,258.82562881333445,257.0511018707157,850585.2079866787,-41190579603681.08,437369.2062413752,0.41619271176152933
2021-02-11,258.8256346606966,258.60044599428215,253.0078061975921,264.6318796634105,258.61959603450293,256.8397545672475,849087.9745505445,-41370036218848.125,437045.0394249051,0.41625026707614055
2021-02-12,258.61960189152444,258.3919555780174,252.7847894022938,264.44077364877376,258.4135632556714,256.62840726377925,847590.7411144103,-41549492834015.17,436720.87260843493,0.4163078223907517
2021-02-15,258.4135691223522,258.1834651617527,252.5617726069955,264.24966763413704,258.2075304768399,256.417059960311,846093.5076782762,-41728949449182.22,436396.7057919648,0.41636537770536286
2021-02-16,258.20753635318005,257.974974745488,252.3387558116972,264.0585616195003,258.0014976980084,256.2057126568428,844596.274242142,-41908406064349.266,436072.5389754947,0.4164229330199741
2021-02-17,258.0015035840079,257.76648432922326,252.11573901639892,263.8674556048636,257.7954649191769,255.9943653533746,843099.0408060078,-42087862679516.31,435748.3721590246,0.4164804883345853
2021-02-18,257.7954708148357,257.5579939129585,251.89272222110063,263.6763495902269,257.58943214034537,255.7830180499064,841601.8073698736,-42267319294683.36,435424.2053425544,0.41653804364919644
2021-02-19,257.58943804566354,257.34950349669384,251.66970542580233,263.4852435755902,257.38339936151385,255.57167074643817,840104.5739337394,-42446775909850.41,435100.0385260843,0.4165955989638076
2021-02-22,257.3834052764913,257.1410130804291,251.44668863050404,263.29413756095346,257.17736658268234,255.36032344296996,838607.3404976053,-42626232525017.45,434775.8717096142,0.4166531542784188
2021-02-23,257.17737250731915,256.93252266416437,251.22367183520575,263.10303154631674,256.9713338038508,255.14897613950174,837110.1070614711,-42805689140184.5,434451.7048931441,0.41671070959303
2021-02-24,256.971339738147,256.72403224789963,251.00065503990746,262.91192553168,256.7653010250193,254.93762883603353,835612.8736253369,-42985145755351.55,434127.5380766739,0.4167682649076412
2021-02-25,256.76530696897476,256.5155418316349,250.77763824460916,262.7208195170433,256.5592682461878,254.7262815325653,834115.6401892027,-43164602370518.59,433803.37126020377,0.41682582022225234
2021-02-26,256.5592741998026,256.3070514153702,250.55462144931087,262.5297135024066,256.3532354673563,254.5149342290971,832618.4067530686,-43344058985685.64,433479.2044437337,0.41688337553686355
2021-03-01,256.3532414306304,256.0985609991055,250.33160465401258,262.3386074877699,256.14720268852477,254.30358692562888,831121.1733169344,-43523515600852.69,433155.0376272636,0.41694093085147477
2021-03-02,256.14720866145825,255.89007058284076,250.1085878587143,262.14750147313316,255.94116990969326,254.09223962216066,829623.9398808002,-43702972216019.734,432830.8708107934,0.4169984861660859
2021-03-03,255.94117589228605,255.68158016657605,249.885571063416,261.95639545849644,255.73513713086174,253.88089231869245,828126.706444666,-43882428831186.78,432506.70399432327,0.4170560414806971
2021-03-04,255.73514312311386,255.47308975031135,249.6625542681177,261.76528944385973,255.52910435203023,253.66954501522423,826629.4730085318,-44061885446353.83,432182.53717785317,0.4171135967953083
2021-03-05,255.5291103539417,255.26459933404664,249.4395374728194,261.574183429223,255.32307157319872,253.45819771175601,825132.2395723977,-44241342061520.875,431858.3703613831,0.4171711521099195
2021-03-08,255.32307758476952,255.05610891778193,249.21652067752112,261.3830774145863,255.1170387943672,253.2468504082878,823635.0061362635,-44420798676687.92,431534.2035449129,0.41722870742453066
2021-03-09,255.11704481559732,254.84761850151722,248.99350388222283,261.1919713999496,254.9110060155357,253.03550310481958,822137.7727001293,-44600255291854.97,431210.03672844276,0.4172862627391418
2021-03-10,254.91101204642513,254.6391280852525,248.77048708692453,261.00086538531286,254.70497323670418,252.82415580135137,820640.5392639951,-44779711907022.016,430885.86991197267,0.41734381805375304
2021-03-12,254.70497927725296,254.4306376689878,248.54747029162624,260.80975937067615,254.49894045787266,252.61280849788315,819143.305827861,-44959168522189.06,430561.70309550257,0.41740137336836425
2021-03-15,254.4989465080808,254.2221472527231,248.32445349632795,260.61865335603943,254.29290767904112,252.40146119441494,817646.0723917268,-45138625137356.11,430237.5362790324,0.4174589286829754
2021-03-16,254.2929137389086,254.01365683645838,248.10143670102966,260.4275473414027,254.0868749002096,252.19011389094672,816148.8389555926,-45318081752523.16,429913.36946256226,0.41751648399758656
2021-03-17,254.0868809697364,253.80516642019367,247.87841990573136,260.236441326766,253.8808421213781,251.9787665874785,814651.6055194584,-45497538367690.2,429589.20264609216,0.4175740393121978
2021-03-18,253.88084820056423,253.59667600392896,247.65540311043307,260.0453353121293,253.67480934254658,251.7674192840103,813154.3720833242,-45676994982857.25,429265.03582962207,0.417631594626809
2021-03-19,253.67481543139206,253.38818558766425,247.43238631513478,259.85422929749257,253.46877656371507,251.55607198054207,811657.1386471901,-45856451598024.3,428940.8690131519,0.41768914994142015
2021-03-22,253.46878266221987,253.17969517139954,247.20936951983649,259.66312328285585,253.26274378488355,251.34472467707386,810159.9052110559,-46035908213191.34,428616.70219668176,0.4177467052560313
2021-03-23,253.26274989304767,252.97120475513483,246.9863527245382,259.47201726821913,253.05671100605204,251.13337737360564,808662.6717749217,-46215364828358.39,428292.53538021166,0.4178042605706425
2021-03-24,253.0567171238755,252.76271433887013,246.7633359292399,259.2809112535824,252.85067822722053,250.92203007013742,807165.4383387875,-46394821443525.44,427968.36856374156,0.41786181588525373
2021-03-25,252.85068435470333,252.55422392260542,246.5403191339416,259.0898052389457,252.644645448389,250.7106827666692,805668.2049026533,-46574278058692.484,427644.2017472714,0.4179193711998649
2021-03-26,252.64465158553114,252.3457335063407,246.31730233864332,258.898699224309,252.4386126695575,250.499335463201,804170.9714665192,-46753734673859.53,427320.03493080125,0.41797692651447604
2021-03-30,252.43861881635897,252.137243090076,246.09428554334502,258.70759320967227,252.232579890726,250.28798815973278,802673.738030385,-46933191289026.58,426995.86811433116,0.41803448182908726
2021-03-31,252.2325860471868,251.9287526738113,245.87126874804673,258.51648719503555,252.02654711189447,250.07664085626456,801176.5045942508,-47112647904193.625,426671.70129786106,0.41809203714369847
2021-04-01,252.02655327801463,251.72026225754658,245.64825195274844,258.32538118039884,251.82051433306296,249.86529355279635,799679.2711581166,-47292104519360.67,426347.5344813909,0.4181495924583096
2021-04-05,251.82052050884246,251.51177184128187,245.42523515745015,258.1342751657621,251.61448155423145,249.65394624932813,798182.0377219825,-47471561134527.72,426023.36766492075,0.4182071477729208
2021-04-06,251.6144877396703,251.30328142501716,245.20221836215185,257.9431691511254,251.40844877539993,249.4425989458599,796684.8042858483,-47651017749694.766,425699.20084845065,0.418264703087532
2021-04-07,251.40845497049813,251.09479100875245,244.97920156685356,257.7520631364887,251.20241599656842,249.2312516423917,795187.5708497141,-47830474364861.81,425375.03403198055,0.4183222584021432
2021-04-08,251.20242220132596,250.88630059248774,244.75618477155527,257.56095712185197,250.9963832177369,249.01990433892348,793690.3374135799,-48009930980028.86,425050.8672155104,0.41837981371675437
2021-04-09,250.9963894321538,250.67781017622303,244.53316797625698,257.36985110721525,250.7903504389054,248.80855703545527,792193.1039774457,-48189387595195.91,424726.70039904024,0.4184373690313655
2021-04-12,250.79035666298162,250.46931975995832,244.31015118095868,257.17874509257854,250.58431766007388,248.59720973198705,790695.8705413116,-48368844210362.95,424402.53358257015,0.41849492434597674
2021-04-13,250.58432389380945,250.26082934369362,244.0871343856604,256.9876390779418,250.37828488124237,248.38586242851883,789198.6371051774,-48548300825530.0,424078.36676610005,0.41855247966058795
2021-04-15,250.3782911246373,250.0523389274289,243.8641175903621,256.7965330633051,250.17225210241085,248.17451512505062,787701.4036690432,-48727757440697.05,423754.1999496299,0.4186100349751991
2021-04-16,250.17225835546512,249.8438485111642,243.6411007950638,256.6054270486684,249.96621932357934,247.9631678215824,786204.170232909,-48907214055864.09,423430.03313315974,0.41866759028981027
2021-04-19,249.96622558629295,249.6353580948995,243.4180839997655,256.4143210340317,249.76018654474782,247.7518205181142,784706.9367967749,-49086670671031.14,423105.86631668964,0.4187251456044215
2021-04-20,249.76019281712078,249.42686767863478,243.19506720446722,256.22321501939496,249.5541537659163,247.54047321464597,783209.7033606407,-49266127286198.19,422781.69950021955,0.4187827009190327
2021-04-22,249.5541600479486,249.21837726237007,242.97205040916893,256.03210900475824,249.3481209870848,247.32912591117775,781712.4699245065,-49445583901365.234,422457.5326837494,0.41884025623364385
2021-04-23,249.34812727877645,249.00988684610536,242.74903361387064,255.84100299012155,249.14208820825328,247.11777860770954,780215.2364883723,-49625040516532.28,422133.36586727924,0.418897811548255
2021-04-26,249.14209450960428,248.80139642984065,242.52601681857234,255.64989697548484,248.93605542942177,246.90643130424132,778718.0030522381,-49804497131699.33,421809.19905080914,0.4189553668628662
2021-04-27,248.9360617404321,248.59290601357594,242.30300002327405,255.45879096084812,248.73002265059026,246.6950840007731,777220.769616104,-49983953746866.375,421485.03223433904,0.41901292217747743
2021-04-28,248.73002897125994,248.38441559731123,242.07998322797576,255.2676849462114,248.52398987175874,246.4837366973049,775723.5361799698,-50163410362033.42,421160.8654178689,0.4190704774920886
2021-04-29,248.52399620208777,248.17592518104652,241.85696643267747,255.0765789315747,248.31795709292723,246.27238939383668,774226.3027438356,-50342866977200.47,420836.69860139873,0.41912803280669975
